day,median
2017-08-02,88.28571428571429
2017-08-03,69.95000000000002
2017-08-04,22.13231556403697
2017-08-05,14.438502673796789
2017-08-06,45.45454545454546
2017-08-07,46.16497829232998
2017-08-08,22.900229002290025
2017-08-09,2.5037187035161947
2017-08-10,21.945270962392094
2017-08-11,82.91466478062581
2017-08-12,9.749405524053415
2017-08-13,0.0
2017-08-14,95.11005426498386
2017-08-15,0.0
2017-08-16,37.809428578396705
2017-08-17,166.62222962839525
2017-08-18,67.21078431372548
2017-08-19,110.40361090513935
2017-08-20,50.850981118104414
2017-08-21,42.63018534863194
2017-08-22,60.65287625758839
2017-08-23,34.093478345612596
2017-08-24,26.821029082774032
2017-08-25,29.562875038325082
2017-08-26,35.44217687074831
2017-08-27,22.74904214559388
2017-08-28,19.15529760558781
2017-08-29,29.534380075798605
2017-08-30,26.131322094055022
2017-08-31,20.714729601348598
2017-09-01,29.169139465875382
2017-09-02,28.744065602071643
2017-09-03,30.68238419392329
2017-09-04,39.85122210414453
2017-09-05,22.12808182581484
2017-09-06,22.134613623179554
2017-09-07,17.49375000000001
2017-09-08,20.833333333333336
2017-09-09,10.999999999999996
2017-09-10,10.0
2017-09-11,22.289636270186357
2017-09-12,15.558602342855883
2017-09-13,11.27722830850131
2017-09-14,13.016229598386218
2017-09-15,25.791704547456362
2017-09-16,20.027932726410395
2017-09-17,8.014107566272315
2017-09-18,14.238743279569892
2017-09-19,19.714474266763567
2017-09-20,12.361894460326043
2017-09-21,14.446227929374
2017-09-22,12.157809983896946
2017-09-23,12.615384615384622
2017-09-24,2.831715210355977
2017-09-25,14.158582538282694
2017-09-26,14.905833716123118
2017-09-27,24.463768746976303
2017-09-28,28.19777110015462
2017-09-29,18.05923778716398
2017-09-30,23.14604117313403
2017-10-01,18.09460910611296
2017-10-02,19.991518728295723
2017-10-03,25.859387973308806
2017-10-04,27.218994439418932
2017-10-05,20.967575382073516
2017-10-06,16.493023822579662
2017-10-07,17.781880690138145
2017-10-08,18.992676523421316
2017-10-09,18.38341331946382
2017-10-10,23.778711484593842
2017-10-11,16.27764127764128
2017-10-12,22.131889803392838
2017-10-13,30.480317407019317
2017-10-14,21.720128940635462
2017-10-15,17.368635891795776
2017-10-16,17.88281964514358
2017-10-17,15.307939428992063
2017-10-18,14.773666352351961
2017-10-19,14.473127380448576
2017-10-20,15.121208827046415
2017-10-21,16.541806020066883
2017-10-22,13.384235346957105
2017-10-23,13.43645052656811
2017-10-24,14.813943457632428
2017-10-25,14.110002320724066
2017-10-26,11.837596483333908
2017-10-27,10.131632953942319
2017-10-28,10.86388322280826
2017-10-29,14.395915519053002
2017-10-30,13.43405124604389
2017-10-31,14.961697376513175
2017-11-01,18.647166361974396
2017-11-02,19.06367874744147
2017-11-03,16.95422144597204
2017-11-04,12.275212277139826
2017-11-05,14.05503635162805
2017-11-06,14.363356437612342
2017-11-07,18.453865336658342
2017-11-08,24.081551136932774
2017-11-09,17.40647946991912
2017-11-10,20.424983978490452
2017-11-11,19.138789051700297
2017-11-12,23.12380952380953
2017-11-13,17.870647669177487
2017-11-14,14.784053156146188
2017-11-15,14.668478260869572
2017-11-16,18.475853396837415
2017-11-17,18.973867655014402
2017-11-18,17.657237070461644
2017-11-19,16.03387690859981
2017-11-20,16.040581299698385
2017-11-21,13.641281564411116
2017-11-22,19.197074083524704
2017-11-23,20.732245258050284
2017-11-24,18.710979994454377
2017-11-25,14.693566990242712
2017-11-26,19.157075665658617
2017-11-27,17.738831962140594
2017-11-28,18.681715597561222
2017-11-29,21.448863636363637
2017-11-30,20.64794816414686
2017-12-01,13.770854798831326
2017-12-02,13.74461881333684
2017-12-03,17.69196915818062
2017-12-04,16.726307204793194
2017-12-05,17.232465965879708
2017-12-06,22.872003044526203
2017-12-07,29.5926383121984
2017-12-08,31.922936227289362
2017-12-09,19.892857142857146
2017-12-10,15.431999526158585
2017-12-11,17.250509164969447
2017-12-12,28.000988066315372
2017-12-13,25.62327055072066
2017-12-14,33.50023597096752
2017-12-15,25.761624799572424
2017-12-16,26.265151515151498
2017-12-17,34.72403302911778
2017-12-18,29.912723185091185
2017-12-19,27.987676083297643
2017-12-20,24.303236215256405
2017-12-21,23.509057013239698
2017-12-22,23.273837588858267
2017-12-23,21.67927055966993
2017-12-24,22.575908629458738
2017-12-25,26.931366606048357
2017-12-26,28.888125107406776
2017-12-27,28.016129032258064
2017-12-28,19.993350787516114
2017-12-29,20.914300702969257
2017-12-30,17.503610446743366
2017-12-31,21.5133513184962
2018-01-01,17.99040597809597
2018-01-02,24.90678339731621
2018-01-03,22.40000651094652
2018-01-04,28.13453953588892
2018-01-05,47.34917883784726
2018-01-06,40.26689178077686
2018-01-07,32.0459543463876
2018-01-08,25.77559575353633
2018-01-09,25.717288229970535
2018-01-10,26.85548780487805
2018-01-11,28.15101986871668
2018-01-12,22.925839592506254
2018-01-13,22.474907889721774
2018-01-14,18.536585365853657
2018-01-15,23.709369024856606
2018-01-16,38.78316805146072
2018-01-17,26.602922465975233
2018-01-18,17.95266410166724
2018-01-19,16.974653755642155
2018-01-20,18.21449970041941
2018-01-21,15.317991631799169
2018-01-22,13.267251239039272
2018-01-23,12.778213489127845
2018-01-24,12.760623380559682
2018-01-25,11.5664212512932
2018-01-26,12.99083405400587
2018-01-27,11.195023998127947
2018-01-28,14.08260296317142
2018-01-29,9.728984800566217
2018-01-30,13.119133000909034
2018-01-31,11.857755241296466
2018-02-01,19.52253609831029
2018-02-02,19.2106435092407
2018-02-03,14.116493750510568
2018-02-04,11.06582894662366
2018-02-05,16.689404274670302
2018-02-06,18.254004472231095
2018-02-07,12.16216216216216
2018-02-08,2.1077988557663407
2018-02-09,10.804597701149433
2018-02-10,12.256049960967994
2018-02-11,9.878734102336589
2018-02-12,8.93105453917089
2018-02-13,8.355936274296859
2018-02-14,11.414816659324108
2018-02-15,11.897665176353694
2018-02-16,9.894857380803662
2018-02-17,9.20455018959123
2018-02-18,10.291164658634544
2018-02-19,9.560810810810807
2018-02-20,13.245492371705966
2018-02-21,12.678421494542402
2018-02-22,11.615044247787617
2018-02-23,11.727039398830463
2018-02-24,9.549071618037138
2018-02-25,8.59308384651823
2018-02-26,10.955882352941178
2018-02-27,11.415111433230656
2018-02-28,11.713286713286719
2018-03-01,12.442904394392821
2018-03-02,9.173772419876501
2018-03-03,10.219399538106245
2018-03-04,8.515815085158161
2018-03-05,7.354838709677422
2018-03-06,9.567336989640465
2018-03-07,16.664957264957263
2018-03-08,13.074169267486695
2018-03-09,13.050153531218012
2018-03-10,9.884927372193914
2018-03-11,9.198633395320678
2018-03-12,9.019398288501977
2018-03-13,11.104962234786196
2018-03-14,10.817333306008774
2018-03-15,12.168775837279501
2018-03-16,10.10267820592832
2018-03-17,9.882954563501514
2018-03-18,14.049438291636633
2018-03-19,13.047649504317235
2018-03-20,11.483697894469726
2018-03-21,13.141575229040836
2018-03-22,10.508102363892599
2018-03-23,14.439651551609593
2018-03-24,17.03826512306552
2018-03-25,14.84322881921281
2018-03-26,13.16111488783141
2018-03-27,9.594095940959402
2018-03-28,8.293901156677185
2018-03-29,9.720246387413473
2018-03-30,8.380730009156709
2018-03-31,9.31380253177012
2018-04-01,8.828247623580374
2018-04-02,10.68222621184919
2018-04-03,11.07986344302663
2018-04-04,10.418216623953452
2018-04-05,7.879719533338054
2018-04-06,6.294250920419131
2018-04-07,7.151658006107034
2018-04-08,7.007738607050723
2018-04-09,7.540173053152046
2018-04-10,7.735956118781931
2018-04-11,8.024691358024699
2018-04-12,10.739795918367346
2018-04-13,13.210307190277934
2018-04-14,8.499435878149667
2018-04-15,9.050071666080001
2018-04-16,7.5807816856017975
2018-04-17,8.201295728111818
2018-04-18,10.304031313430428
2018-04-19,8.63308897610246
2018-04-20,8.784388812006336
2018-04-21,14.947590945124634
2018-04-22,12.265158655356585
2018-04-23,8.923578751164959
2018-04-24,9.733085647242872
2018-04-25,11.896356491041082
2018-04-26,9.806629834254144
2018-04-27,8.062713999803133
2018-04-28,7.785421628359828
2018-04-29,10.15170170976577
2018-04-30,10.041567762018701
2018-05-01,7.5937798787586415
2018-05-02,6.891181623515677
2018-05-03,11.679875276081585
2018-05-04,9.538453519585104
2018-05-05,10.064349290353618
2018-05-06,9.784022898776996
2018-05-07,9.114754098360658
2018-05-08,7.542604446305314
2018-05-09,9.48636809131208
2018-05-10,10.036429916440387
2018-05-11,12.728271855711581
2018-05-12,10.791178587788766
2018-05-13,9.797692693529516
2018-05-14,8.898678414096906
2018-05-15,8.293163891323397
2018-05-16,7.790222816612141
2018-05-17,10.68580542264752
2018-05-18,8.221752137944385
2018-05-19,6.176097972972961
2018-05-20,6.908945686900961
2018-05-21,6.965944272445819
2018-05-22,8.723128150712668
2018-05-23,9.9525599078255
2018-05-24,9.122286493350087
2018-05-25,6.354219066974219
2018-05-26,5.336469858339374
2018-05-27,5.815124599737681
2018-05-28,8.425414364640888
2018-05-29,8.73605187107548
2018-05-30,7.340206185567021
2018-05-31,8.021903579089994
2018-06-01,6.0344827586207055
2018-06-02,6.086095992083127
2018-06-03,5.910987482614728
2018-06-04,7.422429527479217
2018-06-05,6.887356698106127
2018-06-06,8.317929759704244
2018-06-07,6.397694524495677
2018-06-08,6.859635210150679
2018-06-09,5.5664782501843195
2018-06-10,9.773050833263543
2018-06-11,8.72771972956361
2018-06-12,11.307291190193027
2018-06-13,9.197651663405082
2018-06-14,9.597773388400075
2018-06-15,7.8095238095237995
2018-06-16,6.377945591847878
2018-06-17,6.339576189220077
2018-06-18,7.550991172562332
2018-06-19,7.002561912894972
2018-06-20,6.679481018741
2018-06-21,9.227480120460053
2018-06-22,11.111111111111109
2018-06-23,7.034547444114435
2018-06-24,11.247723132969046
2018-06-25,9.020709020709019
2018-06-26,6.976744186046519
2018-06-27,7.540965651392465
2018-06-28,8.94131352846948
2018-06-29,9.037558685446005
2018-06-30,10.237987337260915
2018-07-01,9.70707525912574
2018-07-02,12.944358578052558
2018-07-03,10.814516239597475
2018-07-04,11.683168316831672
2018-07-05,10.065975063724693
2018-07-06,9.589041095890401
2018-07-07,9.08571428571429
2018-07-08,7.484923731819788
2018-07-09,7.727196371577367
2018-07-10,9.119830328738075
2018-07-11,7.473084584314042
2018-07-12,7.309469691398146
2018-07-13,6.15396832609006
2018-07-14,5.29868237873639
2018-07-15,5.111988793175551
2018-07-16,7.950957356307299
2018-07-17,8.921726626130692
2018-07-18,9.797176093471599
2018-07-19,7.986177239645928
2018-07-20,10.556222438463436
2018-07-21,7.202387098896614
2018-07-22,6.001266450627211
2018-07-23,9.658585423505077
2018-07-24,10.798122065727696
2018-07-25,11.05323520978686
2018-07-26,9.912972531955397
2018-07-27,7.555970149253731
2018-07-28,7.403055229142192
2018-07-29,7.901554404145072
2018-07-30,8.22150535833092
2018-07-31,10.331312709030104
2018-08-01,7.970342910101939
2018-08-02,10.243902439024385
2018-08-03,10.019591379792892
2018-08-04,9.72117558402412
2018-08-05,7.050489148768685
2018-08-06,6.545454545454531
2018-08-07,10.007524454477048
2018-08-08,10.462609849112916
2018-08-09,8.50801479654748
2018-08-10,8.49101229895932
2018-08-11,9.535603715170277
2018-08-12,6.932966023875118
2018-08-13,11.190337601862614
2018-08-14,14.47178002894355
2018-08-15,11.77784652742917
2018-08-16,8.433525172787782
2018-08-17,14.722395508421716
2018-08-18,13.195386702849396
2018-08-19,8.120845921450154
2018-08-20,8.77626699629173
2018-08-21,7.193408321652023
2018-08-22,9.090909090909102
2018-08-23,7.359924026590679
2018-08-24,7.407407407407415
2018-08-25,5.9113300492610685
2018-08-26,6.648731744811682
2018-08-27,8.843537414965992
2018-08-28,9.015326054292286
2018-08-29,8.62959586751747
2018-08-30,7.550644567219153
2018-08-31,6.66666666666667
2018-09-01,7.228915662650602
2018-09-02,6.6287129602991985
2018-09-03,6.465555616793777
2018-09-04,6.878205678686578
2018-09-05,12.56290212115252
2018-09-06,8.97282175322949
2018-09-07,6.897753488320326
2018-09-08,7.306075815748491
2018-09-09,7.026818499331836
2018-09-10,6.489838213664923
2018-09-11,9.104445616697173
2018-09-12,9.002416466493099
2018-09-13,9.996945943194541
2018-09-14,9.112519809825667
2018-09-15,7.704502219403938
2018-09-16,10.984848484848476
2018-09-17,12.931575643440057
2018-09-18,10.522000546597429
2018-09-19,7.534085566525624
2018-09-20,8.459117819617045
2018-09-21,11.272321428571434
2018-09-22,7.543252595155704
2018-09-23,6.6933603021609365
2018-09-24,7.6641119626790974
2018-09-25,10.052910052910057
2018-09-26,6.690818521453642
2018-09-27,7.206477732793523
2018-09-28,7.595392368610514
2018-09-29,8.531579673473104
2018-09-30,6.964481146154622
2018-10-01,5.91133004926109
2018-10-02,7.482180721646114
2018-10-03,5.470767514154574
2018-10-04,5.460519312230257
2018-10-05,5.714285714285713
2018-10-06,5.794374141712998
2018-10-07,4.971564850486144
2018-10-08,5.50985915492958
2018-10-09,5.823693657758288
2018-10-10,8.721744348869787
2018-10-11,12.384615384615387
2018-10-12,7.802571105042294
2018-10-13,7.133058984910831
2018-10-14,7.774991042637039
2018-10-15,11.895161290322585
2018-10-16,8.645735707591372
2018-10-17,6.956521739130424
2018-10-18,6.976744186046504
2018-10-19,5.345962497686769
2018-10-20,5.933519726623167
2018-10-21,5.3868422546404
2018-10-22,6.7334446299387825
2018-10-23,6.576679426051533
2018-10-24,6.151346332404839
2018-10-25,6.493506493506486
2018-10-26,5.3432817859076955
2018-10-27,8.113368203381595
2018-10-28,8.158429248476638
2018-10-29,9.196891191709856
2018-10-30,7.479030754892818
2018-10-31,7.768595041322312
2018-11-01,5.383630750696492
2018-11-02,5.326445176805921
2018-11-03,4.606815456620127
2018-11-04,8.538732394366198
2018-11-05,6.562570717356868
2018-11-06,7.2082196179161935
2018-11-07,6.515028432168964
2018-11-08,5.297297297297294
2018-11-09,5.396935933147639
2018-11-10,4.743859324814565
2018-11-11,4.876441515650734
2018-11-12,5.385459259998012
2018-11-13,6.176198194026407
2018-11-14,14.061917195076463
2018-11-15,11.098506333900556
2018-11-16,6.822179551003971
2018-11-17,5.994295755256687
2018-11-18,5.112497092339616
2018-11-19,14.823346825072917
2018-11-20,16.63935131710373
2018-11-21,9.845595770000184
2018-11-22,7.503967385356251
2018-11-23,7.282362370090626
2018-11-24,10.462537663936885
2018-11-25,9.173785348075477
2018-11-26,9.406752968597436
2018-11-27,8.4633834884285
2018-11-28,11.596245652690467
2018-11-29,10.110921501706493
2018-11-30,11.111111111111114
2018-12-01,8.446045921904028
2018-12-02,6.642171534511183
2018-12-03,8.492010221873919
2018-12-04,10.711191961191965
2018-12-05,10.036211267444909
2018-12-06,11.709110002625364
2018-12-07,12.568306010928959
2018-12-08,8.017103153393903
2018-12-09,6.1224489795918435
2018-12-10,5.954198473282428
2018-12-11,7.1319018404907935
2018-12-12,5.714744507807549
2018-12-13,5.7585825027685456
2018-12-14,6.666666666666655
2018-12-15,5.670324747654458
2018-12-16,5.552608225826893
2018-12-17,6.629690960237814
2018-12-18,7.926224951050301
2018-12-19,8.49982327785932
2018-12-20,8.879305352772217
2018-12-21,8.593521406790678
2018-12-22,7.806628634366552
2018-12-23,9.42503014413402
2018-12-24,10.31661330487371
2018-12-25,8.588019559902206
2018-12-26,5.847639484978526
2018-12-27,7.5780967710146765
2018-12-28,9.059934954313148
2018-12-29,8.169177288528392
2018-12-30,5.5363321799307945
2018-12-31,7.86516853932584
2019-01-01,6.160630763062958
2019-01-02,7.017668345987371
2019-01-03,5.028462998102473
2019-01-04,6.050357008643371
2019-01-05,4.948731374217347
2019-01-06,7.277821875671615
2019-01-07,5.260655045931122
2019-01-08,6.273062730627308
2019-01-09,5.272346368715098
2019-01-10,8.878048780487818
2019-01-11,5.568627450980392
2019-01-12,4.496638435344442
2019-01-13,7.039999999999997
2019-01-14,7.650667629014796
2019-01-15,8.061749571183528
2019-01-16,7.018677623409879
2019-01-17,7.239511456378928
2019-01-18,8.704072753810324
2019-01-19,8.455361360415683
2019-01-20,8.923264807653158
2019-01-21,6.107539450613681
2019-01-22,5.883668903803133
2019-01-23,5.917828872973993
2019-01-24,5.26315789473684
2019-01-25,5.7780434349472
2019-01-26,5.119453924914677
2019-01-27,7.495716733295249
2019-01-28,11.689556052379436
2019-01-29,6.375000000000002
2019-01-30,5.245901639344262
2019-01-31,7.485800050447528
2019-02-01,6.448116560056857
2019-02-02,5.133272524576866
2019-02-03,4.539851980908628
2019-02-04,5.749364823522141
2019-02-05,5.601756198347106
2019-02-06,7.202551877050522
2019-02-07,6.496710310676654
2019-02-08,9.24060091163532
2019-02-09,5.388856889144887
2019-02-10,7.138092242914302
2019-02-11,4.951861141947228
2019-02-12,5.250013649822351
2019-02-13,4.3228066783239765
2019-02-14,3.771512569297208
2019-02-15,5.430711610486884
2019-02-16,4.185145559026042
2019-02-17,7.47666665056744
2019-02-18,8.104501610795747
2019-02-19,8.924228114254044
2019-02-20,6.77321180691966
2019-02-21,6.4865940302689475
2019-02-22,4.958686621644711
2019-02-23,7.32269280717189
2019-02-24,10.187291552869283
2019-02-25,7.984160599150415
2019-02-26,7.670000811714417
2019-02-27,7.4114177700833554
2019-02-28,6.683322923173016
2019-03-01,5.582829090078764
2019-03-02,6.720430107526888
2019-03-03,5.284552845528455
2019-03-04,6.973140495867772
2019-03-05,9.75192472198461
2019-03-06,6.521739130434778
2019-03-07,6.031746031746034
2019-03-08,7.555341674687199
2019-03-09,6.736142877031079
2019-03-10,5.615801704105344
2019-03-11,9.166666666666663
2019-03-12,11.840888066605007
2019-03-13,7.171314741035858
2019-03-14,7.455131155085128
2019-03-15,5.525390866776075
2019-03-16,6.868921562827946
2019-03-17,4.311543810848392
2019-03-18,4.231625835189307
2019-03-19,4.80392156862746
2019-03-20,5.108767303889254
2019-03-21,7.760570732556106
2019-03-22,4.652785855530986
2019-03-23,3.484385135761282
2019-03-24,4.545454545454538
2019-03-25,7.0298769771528935
2019-03-26,8.333333333333329
2019-03-27,9.090909090909086
2019-03-28,6.162348354372873
2019-03-29,5.882352941176476
2019-03-30,6.376273527888101
2019-03-31,6.80897738778265
2019-04-01,6.063947078280043
2019-04-02,13.034188034188036
2019-04-03,13.740458015267171
2019-04-04,8.156028368794322
2019-04-05,5.934940138626341
2019-04-06,6.9848446788914025
2019-04-07,7.078142695356727
2019-04-08,7.94044665012408
2019-04-09,7.061504273375727
2019-04-10,6.666666666666658
2019-04-11,10.233918128654983
2019-04-12,7.692307692307689
2019-04-13,5.673011346022687
2019-04-14,6.701479547432548
2019-04-15,7.074074074074069
2019-04-16,5.286595113039505
2019-04-17,4.820766378244743
2019-04-18,6.593406593406592
2019-04-19,7.144955446029325
2019-04-20,5.953635405690195
2019-04-21,8.108108108108118
2019-04-22,6.09521780550452
2019-04-23,8.45804859680962
2019-04-24,10.744527847924129
2019-04-25,9.286512509494276
2019-04-26,7.549505673224603
2019-04-27,6.620175552631062
2019-04-28,5.579762534927051
2019-04-29,6.8735927535813355
2019-04-30,6.1952363232532335
2019-05-01,4.713853250684727
2019-05-02,6.558485463150772
2019-05-03,7.756232686980606
2019-05-04,7.590553977272731
2019-05-05,5.243728717867709
2019-05-06,8.44191828283138
2019-05-07,7.353522616576794
2019-05-08,8.467246147881987
2019-05-09,10.257322642490175
2019-05-10,11.871237800975928
2019-05-11,12.888841222174555
2019-05-12,8.893331849292945
2019-05-13,14.807749129802827
2019-05-14,11.856648560946855
2019-05-15,15.305219908578099
2019-05-16,14.752527195774602
2019-05-17,12.259058117856846
2019-05-18,9.978647686832746
2019-05-19,10.364024944658933
2019-05-20,8.621155660948052
2019-05-21,14.99435226435612
2019-05-22,11.653923723049584
2019-05-23,10.516795865633071
2019-05-24,12.478956228956225
2019-05-25,7.585139318885441
2019-05-26,14.42307692307692
2019-05-27,9.068480861244021
2019-05-28,7.623790824633654
2019-05-29,8.090614886731386
2019-05-30,11.627906976744185
2019-05-31,7.2727272727272645
2019-06-01,6.906746584889886
2019-06-02,6.664358600952486
2019-06-03,8.05012818865821
2019-06-04,7.407407407407408
2019-06-05,6.688963210702344
2019-06-06,5.761316872427981
2019-06-07,6.90709046454768
2019-06-08,6.27172195892574
2019-06-09,7.0196724152872925
2019-06-10,7.15261360651432
2019-06-11,5.674682042759864
2019-06-12,7.825168918918921
2019-06-13,7.310655891749668
2019-06-14,13.92990746209885
2019-06-15,8.04505229283991
2019-06-16,8.823529411764708
2019-06-17,8.860759493670884
2019-06-18,6.9770984793730335
2019-06-19,6.766032555403026
2019-06-20,10.679611650485427
2019-06-21,10.951893551688846
2019-06-22,12.319365244649472
2019-06-23,11.509146341463422
2019-06-24,7.012893119652965
2019-06-25,9.204368174726978
2019-06-26,18.257261410788388
2019-06-27,15.739868049010372
2019-06-28,9.917355371900817
2019-06-29,10.561797752808989
2019-06-30,9.47368421052633
2019-07-01,9.871285520499054
2019-07-02,11.697958172936227
2019-07-03,9.309390242097997
2019-07-04,9.70464135021096
2019-07-05,6.378760566457727
2019-07-06,6.464428559987513
2019-07-07,7.405083879362424
2019-07-08,10.457171895879998
2019-07-09,8.073426872196302
2019-07-10,11.414723549771292
2019-07-11,10.982674805365694
2019-07-12,11.11771184758328
2019-07-13,7.359998756373586
2019-07-14,9.555693012484511
2019-07-15,11.105159155298427
2019-07-16,11.72400517859298
2019-07-17,9.4150885072415
2019-07-18,10.324712055639907
2019-07-19,6.477188311720679
2019-07-20,6.508668719810991
2019-07-21,5.51595622968444
2019-07-22,7.677686511438461
2019-07-23,7.376924249352235
2019-07-24,6.90461538461538
2019-07-25,5.26896551724138
2019-07-26,4.921540656205417
2019-07-27,6.533967979229765
2019-07-28,5.826126536185707
2019-07-29,5.521201413427566
2019-07-30,4.842473745624276
2019-07-31,6.761133603238875
2019-08-01,8.642548992610944
2019-08-02,5.4506141680923
2019-08-03,5.762711864406782
2019-08-04,5.793825350276968
2019-08-05,9.189158408489767
2019-08-06,8.806293912367957
2019-08-07,11.098100442362737
2019-08-08,9.351145038167948
2019-08-09,8.757637474541754
2019-08-10,7.942238267147999
2019-08-11,6.177606177606171
2019-08-12,6.147540983606554
2019-08-13,6.231094978826375
2019-08-14,10.313901345291475
2019-08-15,7.335367404017286
2019-08-16,6.938178650322022
2019-08-17,5.240174672489088
2019-08-18,5.966587112171837
2019-08-19,6.19026495140542
2019-08-20,5.350917083522804
2019-08-21,7.526536695500735
2019-08-22,6.999266022807135
2019-08-23,6.429912321385176
2019-08-24,7.743844609074568
2019-08-25,7.653730238330535
2019-08-26,8.21484992101107
2019-08-27,6.134908940018688
2019-08-28,10.2246231423618
2019-08-29,7.946466618438392
2019-08-30,5.411074797765568
2019-08-31,6.030139563387861
2019-09-01,4.984050501900642
2019-09-02,8.174439020689762
2019-09-03,6.661374418826254
2019-09-04,5.707762557077628
2019-09-05,7.142857142857132
2019-09-06,7.7948228810640385
2019-09-07,6.716417910447762
2019-09-08,5.555555555555553
2019-09-09,7.533112582781451
2019-09-10,7.411273486430058
2019-09-11,7.742461287693564
2019-09-12,7.4856733524355175
2019-09-13,6.095383830655435
2019-09-14,4.926722793888371
2019-09-15,4.239904239904249
2019-09-16,6.312292358803983
2019-09-17,7.416666666666664
2019-09-18,9.037558685445997
2019-09-19,9.375
2019-09-20,6.194690265486734
2019-09-21,4.742354071452659
2019-09-22,7.1176135284058555
2019-09-23,7.4231422296462615
2019-09-24,17.658519961772967
2019-09-25,9.363636363636358
2019-09-26,10.763636363636369
2019-09-27,7.469260414754997
2019-09-28,5.673431734317344
2019-09-29,6.306838313452226
2019-09-30,7.57706216635096
2019-10-01,6.720711297071133
2019-10-02,6.451612903225805
2019-10-03,5.962854349951131
2019-10-04,5.525846702317283
2019-10-05,5.172413793103436
2019-10-06,5.925925925925917
2019-10-07,6.308610400682017
2019-10-08,7.086614173228346
2019-10-09,13.107902735562307
2019-10-10,8.026562725566631
2019-10-11,8.155010272648234
2019-10-12,5.442176870748291
2019-10-13,7.31382978723404
2019-10-14,6.082148499210113
2019-10-15,6.945917285259803
2019-10-16,8.36431226765799
2019-10-17,5.364929318159803
2019-10-18,5.505142165759222
2019-10-19,4.272929143395477
2019-10-20,5.152335019409476
2019-10-21,5.064562329272113
2019-10-22,5.641864547050209
2019-10-23,9.018264882644079
2019-10-24,5.209888024578875
2019-10-25,11.28170669472052
2019-10-26,12.394475408689164
2019-10-27,10.205472765910228
2019-10-28,9.833683628864353
2019-10-29,8.370300437322689
2019-10-30,7.002210135272815
2019-10-31,6.654366543665423
2019-11-01,4.76632164267268
2019-11-02,4.761904761904766
2019-11-03,4.811443433029905
2019-11-04,6.7669172932330826
2019-11-05,4.998264491496009
2019-11-06,5.0272034820457066
2019-11-07,5.441498903727333
2019-11-08,6.36094674556214
2019-11-09,3.4536891679748813
2019-11-10,4.9618320610686855
2019-11-11,4.8656499636891795
2019-11-12,4.620689655172416
2019-11-13,4.690117252931336
2019-11-14,4.379484453893172
2019-11-15,5.856595511767933
2019-11-16,3.8141169951165486
2019-11-17,4.20818237347987
2019-11-18,7.015497373087465
2019-11-19,5.86012110375096
2019-11-20,5.077574047954875
2019-11-21,7.9798749771504305
2019-11-22,9.010279396726592
2019-11-23,6.419480700398115
2019-11-24,6.183614569423602
2019-11-25,11.245701213353883
2019-11-26,7.830986554100752
2019-11-27,9.417229729729733
2019-11-28,5.8212058212058295
2019-11-29,5.505226480836227
2019-11-30,5.455672659640426
2019-12-01,5.555555555555562
2019-12-02,4.854368932038829
2019-12-03,4.713330988392543
2019-12-04,6.100577081615834
2019-12-05,5.708661417322829
2019-12-06,5.218702865761675
2019-12-07,4.36746987951808
2019-12-08,5.032001765614652
2019-12-09,4.441041347626337
2019-12-10,8.824391673995898
2019-12-11,4.94635193133047
2019-12-12,5.572065378900443
2019-12-13,4.7333527170522185
2019-12-14,5.739128330252971
2019-12-15,4.951944229885505
2019-12-16,7.377285724379386
2019-12-17,8.317514553277647
2019-12-18,8.082297247844153
2019-12-19,5.957684650282318
2019-12-20,4.832309099171168
2019-12-21,4.265997490589717
2019-12-22,5.99208242138541
2019-12-23,6.262745556895657
2019-12-24,4.082770169528805
2019-12-25,3.567480641507446
2019-12-26,4.476304036483993
2019-12-27,4.397303086868336
2019-12-28,3.951396627521083
2019-12-29,6.116628396366881
2019-12-30,4.5963012464965844
2019-12-31,5.04736673450687
2020-01-01,4.687278525868177
2020-01-02,5.980863591756629
2020-01-03,5.880734654055008
2020-01-04,4.099871278002267
2020-01-05,4.349970925521664
2020-01-06,6.179152049749193
2020-01-07,7.769457468417225
2020-01-08,8.497652582159612
2020-01-09,5.288773523685915
2020-01-10,6.649831649831641
2020-01-11,5.161290322580637
2020-01-12,4.554079696394691
2020-01-13,4.213241616509031
2020-01-14,12.612612612612613
2020-01-15,10.807316863968989
2020-01-16,7.3205604804117845
2020-01-17,8.668730650154801
2020-01-18,6.634799235181643
2020-01-19,7.1159638554216835
2020-01-20,4.700689891588468
2020-01-21,5.265355060454098
2020-01-22,4.720973079059382
2020-01-23,5.896558414978394
2020-01-24,5.33114436830174
2020-01-25,3.775928705496832
2020-01-26,4.541518405390943
2020-01-27,5.253640430189403
2020-01-28,6.015116444564303
2020-01-29,5.325021074077428
2020-01-30,6.93202348690153
2020-01-31,6.956731027293964
2020-02-01,5.493559543282764
2020-02-02,6.693899071801626
2020-02-03,6.184567774471116
2020-02-04,8.322859229875007
2020-02-05,10.169714292439027
2020-02-06,8.879320459688092
2020-02-07,9.146561037090388
2020-02-08,8.998947077709122
2020-02-09,8.161679523042574
2020-02-10,10.022429091109807
2020-02-11,9.087155618947527
2020-02-12,11.08087948608159
2020-02-13,10.309525418599213
2020-02-14,8.63309352517985
2020-02-15,13.300492610837434
2020-02-16,17.431972789115655
2020-02-17,11.111111111111109
2020-02-18,8.813838550247127
2020-02-19,10.067319461444317
2020-02-20,7.620974540549656
2020-02-21,6.696677569695879
2020-02-22,5.242801047120427
2020-02-23,4.791885274571527
2020-02-24,7.235890014471787
2020-02-25,7.699331406066723
2020-02-26,11.224626399452612
2020-02-27,10.433906913612676
2020-02-28,7.199367088607593
2020-02-29,6.246650589496243
2020-03-01,6.152367219418416
2020-03-02,6.9277382214815875
2020-03-03,4.92331151867571
2020-03-04,6.223678597501898
2020-03-05,6.202350256971258
2020-03-06,5.560258012012885
2020-03-07,6.907369021051013
2020-03-08,8.70150651783623
2020-03-09,8.325581301858879
2020-03-10,5.904726686828933
2020-03-11,7.689059251559263
2020-03-12,22.413793103448274
2020-03-13,21.917808219178085
2020-03-14,10.388349514563105
2020-03-15,10.213821669765784
2020-03-16,12.926650724708406
2020-03-17,7.895226073657115
2020-03-18,7.802024459542418
2020-03-19,14.86694807685871
2020-03-20,15.224099256222296
2020-03-21,9.433962264150953
2020-03-22,9.065716547901822
2020-03-23,9.999999999999993
2020-03-24,7.802340702210667
2020-03-25,6.6877572428016485
2020-03-26,7.653461661578089
2020-03-27,8.446644165073405
2020-03-28,6.267516082492783
2020-03-29,5.967138659825095
2020-03-30,7.5191390634404165
2020-03-31,5.67392184265645
2020-04-01,5.521211509702537
2020-04-02,7.556515401342995
2020-04-03,4.82802192943
2020-04-04,4.910796395070811
2020-04-05,4.3286100108030325
2020-04-06,8.846584546472574
2020-04-07,6.629453802396288
2020-04-08,4.922651051665682
2020-04-09,4.180779802169225
2020-04-10,7.935789257048775
2020-04-11,4.080156795145021
2020-04-12,5.112781954887212
2020-04-13,5.210918114143924
2020-04-14,4.748941318814278
2020-04-15,4.805530616432077
2020-04-16,7.511177347242903
2020-04-17,3.7697381442872264
2020-04-18,5.533724850541329
2020-04-19,4.208940147779347
2020-04-20,6.092258748674439
2020-04-21,3.7706392471682357
2020-04-22,4.537616906959802
2020-04-23,5.962700025763608
2020-04-24,4.944981122949392
2020-04-25,4.838709677419359
2020-04-26,4.2390126588969075
2020-04-27,4.691974173014454
2020-04-28,3.707521954944635
2020-04-29,8.827069257205249
2020-04-30,8.816583026575753
2020-05-01,6.675579322638144
2020-05-02,4.6116504854369005
2020-05-03,5.58782183601471
2020-05-04,5.663944343617658
2020-05-05,4.613665389527462
2020-05-06,5.780255569970935
2020-05-07,8.523050817540561
2020-05-08,7.414064251801154
2020-05-09,5.788977691383236
2020-05-10,10.771041789287821
2020-05-11,7.6744186046511675
2020-05-12,5.747198007471974
2020-05-13,5.6425205096875635
2020-05-14,6.23367208800863
2020-05-15,5.439805643025457
2020-05-16,4.750257438206464
2020-05-17,5.3233452674378885
2020-05-18,5.163037673712511
2020-05-19,5.238417019395011
2020-05-20,5.278637770897829
2020-05-21,7.928683471904833
2020-05-22,7.768355747532547
2020-05-23,5.457781293256874
2020-05-24,7.598447032723237
2020-05-25,10.064635272391511
2020-05-26,7.5212866603595065
2020-05-27,8.400000000000004
2020-05-28,6.738909583474428
2020-05-29,5.37573395174422
2020-05-30,8.674641101566547
2020-05-31,7.347428400059975
2020-06-01,8.344432084304643
2020-06-02,8.832889056017589
2020-06-03,5.793450881612094
2020-06-04,5.102040816326536
2020-06-05,5.5215717766947225
2020-06-06,5.0148717163331
2020-06-07,5.907278165503492
2020-06-08,4.839950359607494
2020-06-09,6.374501992031869
2020-06-10,7.672634271099731
2020-06-11,11.464938036946151
2020-06-12,7.469593323277104
2020-06-13,6.5490628445424415
2020-06-14,7.00315457413248
2020-06-15,8.542772861356939
2020-06-16,5.400981996726668
2020-06-17,6.1776061776061955
2020-06-18,6.25478177255286
2020-06-19,5.65273665695684
2020-06-20,4.6299179902418715
2020-06-21,4.615384615384619
2020-06-22,7.394606241858838
2020-06-23,5.8377177516044885
2020-06-24,6.635488753186603
2020-06-25,6.136735183452471
2020-06-26,6.030208550424799
2020-06-27,9.741905238397205
2020-06-28,5.748228874504193
2020-06-29,4.834773226626661
2020-06-30,4.608379948061909
2020-07-01,4.986473386590072
2020-07-02,6.037616879092454
2020-07-03,4.57166339339082
2020-07-04,4.903101984590618
2020-07-05,4.958628394005064
2020-07-06,6.163723468738182
2020-07-07,5.200283982401416
2020-07-08,6.264000390424833
2020-07-09,6.658057609178686
2020-07-10,7.30608840700584
2020-07-11,5.579449055974915
2020-07-12,5.926364885365597
2020-07-13,7.719086831358376
2020-07-14,5.9689958269017325
2020-07-15,5.1707703901710165
2020-07-16,8.558038136189195
2020-07-17,5.136217948717942
2020-07-18,5.1397916739082525
2020-07-19,6.3239924433249435
2020-07-20,9.697081966056231
2020-07-21,8.737139064055748
2020-07-22,9.295430459447665
2020-07-23,8.59375
2020-07-24,7.397737162750218
2020-07-25,8.411214953271028
2020-07-26,10.894753781783079
2020-07-27,17.61737911702873
2020-07-28,10.616438356164384
2020-07-29,7.654145995747699
2020-07-30,7.710329964004411
2020-07-31,7.879699248120301
2020-08-01,8.45947396672033
2020-08-02,12.84089765522794
2020-08-03,7.6923076923077
2020-08-04,5.420353982300882
2020-08-05,6.6987261966031975
2020-08-06,5.939081447531747
2020-08-07,7.142857142857151
2020-08-08,7.1428571428571495
2020-08-09,7.648483122062393
2020-08-10,11.430082729335961
2020-08-11,10.73426675059337
2020-08-12,9.719600840083839
2020-08-13,10.76419806858628
2020-08-14,9.385936803737103
2020-08-15,7.680250783699062
2020-08-16,7.525530243519254
2020-08-17,11.283146467342938
2020-08-18,9.815830721003147
2020-08-19,9.64004964832438
2020-08-20,7.385169618733113
2020-08-21,11.711711711711715
2020-08-22,10.35501184182882
2020-08-23,6.655592469545951
2020-08-24,7.682447522922214
2020-08-25,9.758241758241754
2020-08-26,7.171543316121628
2020-08-27,10.131105197971536
2020-08-28,7.407407407407394
2020-08-29,6.4562773206384865
2020-08-30,7.120849024306754
2020-08-31,7.043473338456607
2020-09-01,12.273413897280964
2020-09-02,10.816656093200299
2020-09-03,17.64705882352942
2020-09-04,12.011197620505646
2020-09-05,17.391304347826082
2020-09-06,14.070695553021665
2020-09-07,9.999999999999998
2020-09-08,8.212785814279037
2020-09-09,7.670979667282818
2020-09-10,8.354302969300461
2020-09-11,8.90728966435014
2020-09-12,7.927373674786669
2020-09-13,10.949406715832332
2020-09-14,7.418430335097002
2020-09-15,9.48247551101296
2020-09-16,8.73676781035114
2020-09-17,8.714566627053369
2020-09-18,7.140799679104807
2020-09-19,5.4654635079972875
2020-09-20,6.803220745917291
2020-09-21,12.411952250315128
2020-09-22,7.6761744966443
2020-09-23,8.955223880597012
2020-09-24,7.649698897852516
2020-09-25,7.428268226507572
2020-09-26,7.066073738091336
2020-09-27,6.085687075708232
2020-09-28,6.610120120953198
2020-09-29,6.673407482305356
2020-09-30,5.572619569986835
2020-10-01,8.527447738795992
2020-10-02,8.440063606898727
2020-10-03,4.478085685079342
2020-10-04,4.663832819594972
2020-10-05,4.639897937224022
2020-10-06,8.054109185580582
2020-10-07,6.469215826652615
2020-10-08,6.749388416520661
2020-10-09,8.256335954737079
2020-10-10,6.666666666666673
2020-10-11,5.703125
2020-10-12,7.728706624605684
2020-10-13,5.551624970338388
2020-10-14,6.411009174311927
2020-10-15,5.5245535714285845
2020-10-16,6.677908937605389
2020-10-17,4.561746497230373
2020-10-18,4.091115140525841
2020-10-19,4.687500000000004
2020-10-20,8.467741935483875
2020-10-21,8.045742291198698
2020-10-22,7.03670395654208
2020-10-23,5.6470900876959895
2020-10-24,4.480651731160899
2020-10-25,4.660194174757294
2020-10-26,7.570266272189338
2020-10-27,7.326732673267338
2020-10-28,8.318284424379236
2020-10-29,7.980169518631063
2020-10-30,8.549304876785063
2020-10-31,5.704117946110825
2020-11-01,5.146926883671024
2020-11-02,7.065217391304343
2020-11-03,7.76818742293466
2020-11-04,7.64963387636942
2020-11-05,9.343271619780399
2020-11-06,12.50328428253918
2020-11-07,12.891775175031079
2020-11-08,7.1428571428571495
2020-11-09,7.843137254901969
2020-11-10,9.190887666928523
2020-11-11,9.605134152625418
2020-11-12,9.29281653127347
2020-11-13,7.6837209302325515
2020-11-14,6.054590570719596
2020-11-15,7.471264367816087
2020-11-16,7.652125612577072
2020-11-17,8.71635711373139
2020-11-18,9.729064039408863
2020-11-19,6.810622744399547
2020-11-20,8.314861726831325
2020-11-21,11.392405063291141
2020-11-22,10.805384482982996
2020-11-23,11.437908496732021
2020-11-24,14.935064935064924
2020-11-25,15.246636771300453
2020-11-26,17.92452830188679
2020-11-27,8.727272727272723
2020-11-28,7.210000000000005
2020-11-29,7.222222222222216
2020-11-30,8.659450457951701
2020-12-01,11.098974104788763
2020-12-02,7.992082618477006
2020-12-03,7.1625887924230565
2020-12-04,9.794238683127574
2020-12-05,7.0865044892170195
2020-12-06,5.722178374112068
2020-12-07,5.762711864406785
2020-12-08,8.426073131955485
2020-12-09,8.234804329725229
2020-12-10,6.3093087705840905
2020-12-11,6.666666666666655
2020-12-12,6.873614190687361
2020-12-13,5.676442762535483
2020-12-14,6.061470441417671
2020-12-15,6.355511420059582
2020-12-16,10.191082802547772
2020-12-17,10.849772382397571
2020-12-18,8.333333333333327
2020-12-19,10.254521128676991
2020-12-20,10.036516568120922
2020-12-21,10.467618861279593
2020-12-22,8.812219802966586
2020-12-23,19.18092757936509
2020-12-24,12.985782739469624
2020-12-25,9.32701837235105
2020-12-26,9.592526336712389
2020-12-27,12.995741042091598
2020-12-28,9.587122157191116
2020-12-29,12.643678160919547
2020-12-30,9.398496240601496
2020-12-31,7.63807285546417
2021-01-01,10.975609756097562
2021-01-02,13.084112149532714
2021-01-03,16.013966216853824
2021-01-04,17.164413706381634
2021-01-05,13.48993288590604
2021-01-06,13.983489687705049
2021-01-07,16.474502048318747
2021-01-08,15.269482622148672
2021-01-09,16.229486298755823
2021-01-10,16.312056737588648
2021-01-11,19.999999999999996
2021-01-12,11.537582819282612
2021-01-13,12.33689834237991
2021-01-14,10.1866774720649
2021-01-15,14.105058365758758
2021-01-16,12.564177956709557
2021-01-17,12.04927345571967
2021-01-18,12.11991434689507
2021-01-19,12.39609852868243
2021-01-20,11.627472937663306
2021-01-21,15.308770618665024
2021-01-22,15.011932915502499
2021-01-23,10.347559286917406
2021-01-24,10.191007236920168
2021-01-25,11.083193746510322
2021-01-26,8.846523110684407
2021-01-27,11.73803064740817
2021-01-28,12.975377926083217
2021-01-29,16.968381389252947
2021-01-30,13.131313131313133
2021-01-31,12.87094553137279
2021-02-01,14.156199178635998
2021-02-02,12.94767589535179
2021-02-03,13.328881526945196
2021-02-04,13.649410291201324
2021-02-05,16.353097660009944
2021-02-06,16.689944134078203
2021-02-07,13.640560294454477
2021-02-08,16.927723177723188
2021-02-09,18.653846153846153
2021-02-10,20.8695652173913
2021-02-11,19.568822553897178
2021-02-12,17.141655273951002
2021-02-13,18.12080536912753
2021-02-14,16.778025241276914
2021-02-15,21.146040050514166
2021-02-16,13.963401190563681
2021-02-17,16.27906976744185
2021-02-18,14.807418762111627
2021-02-19,16.117587430309175
2021-02-20,19.677249509069057
2021-02-21,13.597269412783366
2021-02-22,23.746361825316598
2021-02-23,27.730551967593975
2021-02-24,17.640208033274348
2021-02-25,14.518922710421911
2021-02-26,12.598196031326093
2021-02-27,10.927563463191277
2021-02-28,14.571746384872085
2021-03-01,13.054435483870957
2021-03-02,10.79736445949073
2021-03-03,10.327621897051678
2021-03-04,11.330454420606099
2021-03-05,10.322580645161288
2021-03-06,9.354120267260564
2021-03-07,8.43373493975903
2021-03-08,8.936468545926472
2021-03-09,12.136689969114727
2021-03-10,11.715481171548106
2021-03-11,12.015503875968998
2021-03-12,13.095945343828902
2021-03-13,15.079365079365084
2021-03-14,11.94539249146757
2021-03-15,15.266032417195207
2021-03-16,13.876215181062898
2021-03-17,11.9147474342642
2021-03-18,10.108842599291043
2021-03-19,10.085556246313752
2021-03-20,11.002241990578897
2021-03-21,9.219462394878038
2021-03-22,13.199105145413876
2021-03-23,11.166253101736963
2021-03-24,16.447368421052627
2021-03-25,10.937049711815558
2021-03-26,11.464149516128016
2021-03-27,9.398555276381916
2021-03-28,9.98291310904937
2021-03-29,9.78145928798026
2021-03-30,10.499272327660458
2021-03-31,12.234042553191491
2021-04-01,10.999882228241677
2021-04-02,10.221295798218879
2021-04-03,12.436289500509687
2021-04-04,11.440082094941285
2021-04-05,13.678458973884055
2021-04-06,14.212470999341221
2021-04-07,17.46316512710894
2021-04-08,12.075546443312536
2021-04-09,10.204081632653072
2021-04-10,11.727722772277222
2021-04-11,10.462391831606663
2021-04-12,11.800028188533613
2021-04-13,12.243896454422769
2021-04-14,12.295501022494875
2021-04-15,10.570813422254897
2021-04-16,12.331838565022418
2021-04-17,12.133836398889065
2021-04-18,22.853926582341728
2021-04-19,16.86746987951806
2021-04-20,16.51842681649367
2021-04-21,12.355714517964552
2021-04-22,17.333249749247738
2021-04-23,21.664374341449864
2021-04-24,11.863644961946576
2021-04-25,14.912280701754382
2021-04-26,15.743707093821504
2021-04-27,11.523483220920223
2021-04-28,11.904304689631719
2021-04-29,10.063758725116065
2021-04-30,10.852690051290136
2021-05-01,8.068381741263206
2021-05-02,7.744381261846725
2021-05-03,11.050228310502284
2021-05-04,12.997562956945572
2021-05-05,12.70852119026149
2021-05-06,11.11111111111111
2021-05-07,12.094866580902188
2021-05-08,9.734948650144522
2021-05-09,9.827934602902461
2021-05-10,18.27520041771684
2021-05-11,10.88139281828075
2021-05-12,20.009641413579565
2021-05-13,16.140535978054444
2021-05-14,10.993444463862751
2021-05-15,11.306336456938872
2021-05-16,14.85379108082464
2021-05-17,12.753433616742976
2021-05-18,10.582332370381634
2021-05-19,47.2643320074546
2021-05-20,31.45465778815129
2021-05-21,29.917377398720678
2021-05-22,15.69396763119176
2021-05-23,31.9152908542928
2021-05-24,26.623064345484266
2021-05-25,16.733979252617786
2021-05-26,14.369628114180568
2021-05-27,12.32513063093236
2021-05-28,16.446637559097834
2021-05-29,14.757195475855074
2021-05-30,13.029548693760661
2021-05-31,12.453520851756098
2021-06-01,8.50949196748704
2021-06-02,9.855748136221152
2021-06-03,9.321918348273815
2021-06-04,12.801281584504487
2021-06-05,10.227272727272725
2021-06-06,6.786820613911582
2021-06-07,13.450292397660816
2021-06-08,13.252676957307738
2021-06-09,11.82336182336182
2021-06-10,10.144927536231892
2021-06-11,11.009667024704628
2021-06-12,9.485775105199103
2021-06-13,10.514771709937335
2021-06-14,7.5957620211898895
2021-06-15,6.930947411816236
2021-06-16,7.862186305761532
2021-06-17,7.349158193108863
2021-06-18,10.009365558183898
2021-06-19,6.060606060606056
2021-06-20,9.803356024148009
2021-06-21,20.664804684262997
2021-06-22,22.195112481619923
2021-06-23,16.253584993786248
2021-06-24,10.217786862624944
2021-06-25,12.728906864397265
2021-06-26,9.00873886223441
2021-06-27,8.465267277417064
2021-06-28,8.059062218214606
2021-06-29,9.872250889234
2021-06-30,9.326424870466322
2021-07-01,8.531188749014929
2021-07-02,6.9903725408120625
2021-07-03,6.14809782608695
2021-07-04,7.68530780581936
2021-07-05,7.2462942506187975
2021-07-06,7.200941163262437
2021-07-07,7.33930789283326
2021-07-08,8.987176414213462
2021-07-09,7.3099415204678415
2021-07-10,6.196999347684278
2021-07-11,5.7242990654205625
2021-07-12,7.731690125279066
2021-07-13,6.41725123408678
2021-07-14,8.315565031982937
2021-07-15,8.905109489051087
2021-07-16,8.868434509460153
2021-07-17,6.226516371443909
2021-07-18,6.49752475247524
2021-07-19,8.586296617519519
2021-07-20,10.790418325302042
2021-07-21,13.175213500045189
2021-07-22,6.663983270909011
2021-07-23,7.804507428046151
2021-07-24,7.27079980593553
2021-07-25,6.961135639864424
2021-07-26,12.679188318984913
2021-07-27,8.726262953248753
2021-07-28,6.56397054993141
2021-07-29,6.849135733252096
2021-07-30,8.536889787270304
2021-07-31,7.1693860327149785
2021-08-01,8.952405742506281
2021-08-02,6.325072600473397
2021-08-03,6.847882906429703
2021-08-04,7.418856259659963
2021-08-05,9.087058437396745
2021-08-06,8.497279196316452
2021-08-07,9.27913065043548
2021-08-08,9.693795334865982
2021-08-09,10.353616898495666
2021-08-10,8.32449628844115
2021-08-11,10.057876989453298
2021-08-12,10.90660594357081
2021-08-13,9.701492537313435
2021-08-14,7.882136279926343
2021-08-15,7.68777334093934
2021-08-16,8.919733161179263
2021-08-17,11.373287010229697
2021-08-18,8.94308943089431
2021-08-19,9.135977337110479
2021-08-20,7.619047619047628
2021-08-21,7.074025405168643
2021-08-22,7.506042320629169
2021-08-23,8.38257697288089
2021-08-24,11.326338212747839
2021-08-25,9.248629094265874
2021-08-26,10.452862432355452
2021-08-27,9.959123002601258
2021-08-28,5.687544996400294
2021-08-29,6.5159574468085175
2021-08-30,7.684381563825145
2021-08-31,8.336853889799634
2021-09-01,8.45070828018406
2021-09-02,6.246098626716609
2021-09-03,7.56648850537704
2021-09-04,6.730769230769232
2021-09-05,7.765531062124246
2021-09-06,9.476556685685935
2021-09-07,28.891632016632013
2021-09-08,14.27425821972734
2021-09-09,9.696135979845067
2021-09-10,12.939297124600627
2021-09-11,7.364559819413097
2021-09-12,7.749472641956176
2021-09-13,11.250490003920033
2021-09-14,7.379518072289172
2021-09-15,7.108081791626096
2021-09-16,7.559371755505106
2021-09-17,7.634209293165639
2021-09-18,6.7254375878369705
2021-09-19,6.722220421486552
2021-09-20,15.633729050279328
2021-09-21,14.189525906635609
2021-09-22,14.216935712262826
2021-09-23,7.313829787234045
2021-09-24,13.869417972749467
2021-09-25,6.8324642331862595
2021-09-26,10.257278266756938
2021-09-27,7.946868201076375
2021-09-28,7.170172084130019
2021-09-29,8.621140763997916
2021-09-30,6.5554231227652044
2021-10-01,10.480579616706352
2021-10-02,7.077799684411035
2021-10-03,6.33971577697281
2021-10-04,6.89655172413792
2021-10-05,7.606045831301797
2021-10-06,10.347985347985356
2021-10-07,7.6923076923077
2021-10-08,7.081792926365324
2021-10-09,6.890232559576131
2021-10-10,7.972972972972981
2021-10-11,8.15566708488938
2021-10-12,9.10369877730598
2021-10-13,7.497459349593489
2021-10-14,7.133433848473426
2021-10-15,9.302325581395358
2021-10-16,6.382415254237285
2021-10-17,8.280013656179236
2021-10-18,6.456434999209039
2021-10-19,5.657311802566866
2021-10-20,6.93710477703593
2021-10-21,7.504165248262149
2021-10-22,6.217152830983265
2021-10-23,4.484437161579095
2021-10-24,6.494930648170695
2021-10-25,4.999999999999988
2021-10-26,6.351368885428831
2021-10-27,14.325259515570934
2021-10-28,8.542713567839193
2021-10-29,7.286954825620313
2021-10-30,7.3163458698889325
2021-10-31,9.224646861420752
2021-11-01,7.89014445012195
2021-11-02,7.133685261806255
2021-11-03,8.615384615384619
2021-11-04,7.950255385298696
2021-11-05,7.095481697684879
2021-11-06,6.618575351316425
2021-11-07,5.655172413793113
2021-11-08,6.539509536784739
2021-11-09,6.800804828973848
2021-11-10,13.686187118240053
2021-11-11,6.471709423639895
2021-11-12,7.256663079154766
2021-11-13,5.776293823038404
2021-11-14,5.48719908291938
2021-11-15,6.483319156979491
2021-11-16,12.371433287508582
2021-11-17,7.257129608161373
2021-11-18,12.650263364320363
2021-11-19,9.76230747828578
2021-11-20,7.528419490873592
2021-11-21,8.425720620842569
2021-11-22,7.523630229910459
2021-11-23,8.0672268907563
2021-11-24,7.993292342090558
2021-11-25,8.620689655172422
2021-11-26,13.911919785181695
2021-11-27,8.106951871657754
2021-11-28,9.450852126011368
2021-11-29,6.818181818181812
2021-11-30,7.722196431873856
2021-12-01,7.08490363791781
2021-12-02,7.5150850246845815
2021-12-03,11.636363636363624
2021-12-04,26.347255584914727
2021-12-05,13.093580050404562
2021-12-06,13.937218153110921
2021-12-07,8.553635203927843
2021-12-08,8.873841177881172
2021-12-09,10.751665080875348
2021-12-10,8.998857737459558
2021-12-11,7.620141681026241
2021-12-12,6.1538461538461595
2021-12-13,12.582490101187851
2021-12-14,7.429700734048554
2021-12-15,9.882174078297231
2021-12-16,6.973576477449404
2021-12-17,8.686563697596096
2021-12-18,6.407439546239475
2021-12-19,5.681913674925312
2021-12-20,7.93868262497721
2021-12-21,6.458049257288312
2021-12-22,6.487488415199265
2021-12-23,8.967389803676124
2021-12-24,6.948465547191668
2021-12-25,5.5280396229429565
2021-12-26,5.844101084634799
2021-12-27,7.000412645169588
2021-12-28,9.70320271762944
2021-12-29,7.524864677750302
2021-12-30,6.074047014844483
2021-12-31,6.549327552556637
2022-01-01,4.369434179317888
2022-01-02,5.192558306745154
2022-01-03,6.012607179391368
2022-01-04,5.870954689408858
2022-01-05,13.211736716891348
2022-01-06,6.931886678722127
2022-01-07,8.741418764302061
2022-01-08,9.910714285714281
2022-01-09,5.862065364819695
2022-01-10,10.166332040160633
2022-01-11,7.370517928286851
2022-01-12,6.773823191733633
2022-01-13,7.077785564120531
2022-01-14,6.100695492074258
2022-01-15,4.581834634091166
2022-01-16,4.127928597991818
2022-01-17,6.690079016681303
2022-01-18,6.658416489877171
2022-01-19,6.313233546261181
2022-01-20,8.98371592741179
2022-01-21,16.069101717726788
2022-01-22,19.065066359238372
2022-01-23,9.549498100134045
2022-01-24,14.231827072722744
2022-01-25,7.722980062959077
2022-01-26,11.24567474048444
2022-01-27,9.245357566179385
2022-01-28,6.954546210580336
2022-01-29,5.125725338491289
2022-01-30,6.772445820433442
2022-01-31,7.407407407407415
2022-02-01,5.4447852760736275
2022-02-02,8.311995272798894
2022-02-03,6.097560975609764
2022-02-04,9.04615384615384
2022-02-05,7.07925200356188
2022-02-06,6.043088091957105
2022-02-07,7.660636306924518
2022-02-08,9.414758269720092
2022-02-09,6.765943671090971
2022-02-10,8.089433028456256
2022-02-11,10.62322946175638
2022-02-12,6.307222787385565
2022-02-13,6.31031922791388
2022-02-14,5.833696125380932
2022-02-15,7.460793357933578
2022-02-16,5.700988947062247
2022-02-17,9.903846153846148
2022-02-18,6.65949049156799
2022-02-19,5.591100831564087
2022-02-20,8.049459630255885
2022-02-21,11.760514012311106
2022-02-22,8.196770078795256
2022-02-23,8.097503737356085
2022-02-24,15.143991628922674
2022-02-25,8.430071862907692
2022-02-26,5.83333333333333
2022-02-27,8.943965517241379
2022-02-28,12.506061872664967
2022-03-01,7.4648271679806
2022-03-02,6.614075093311554
2022-03-03,6.968932212846286
2022-03-04,9.065663791457247
2022-03-05,6.335999999999997
2022-03-06,7.0745914154837966
2022-03-07,8.276899924755446
2022-03-08,5.613327674023763
2022-03-09,7.5837320721272246
2022-03-10,7.81984705150376
2022-03-11,5.882352941176476
2022-03-12,4.266211604095563
2022-03-13,6.652360515021462
2022-03-14,5.906518166879679
2022-03-15,6.291047355686152
2022-03-16,6.7744260269741545
2022-03-17,4.861348441362381
2022-03-18,6.177325581395341
2022-03-19,6.544092571150607
2022-03-20,6.844057751148652
2022-03-21,7.009467574815247
2022-03-22,6.358373996382792
2022-03-23,5.530018148357238
2022-03-24,5.639482053611998
2022-03-25,6.631683208418765
2022-03-26,5.161827509333615
2022-03-27,6.701530118148348
2022-03-28,7.873090481786131
2022-03-29,7.693861066235868
2022-03-30,7.123187075454383
2022-03-31,9.815927555856469
2022-04-01,9.3384001993521
2022-04-02,7.359936198695503
2022-04-03,6.712273096721753
2022-04-04,8.80617044748346
2022-04-05,6.907845764478189
2022-04-06,11.039177827961822
2022-04-07,7.314479180833779
2022-04-08,8.245948522402287
2022-04-09,4.686510449651681
2022-04-10,5.423798721385862
2022-04-11,10.501523967858128
2022-04-12,7.501932421313523
2022-04-13,5.833898688376301
2022-04-14,6.640615738171398
2022-04-15,4.220249954718345
2022-04-16,3.839122486288858
2022-04-17,5.465066438062575
2022-04-18,7.225433526011553
2022-04-19,5.212061019512284
2022-04-20,5.890607606352251
2022-04-21,8.353435430434772
2022-04-22,5.0714285714285685
2022-04-23,4.1464330939406135
2022-04-24,4.530576646186585
2022-04-25,7.859412532626212
2022-04-26,9.247085422828
2022-04-27,5.413297394429465
2022-04-28,5.532466741243798
2022-04-29,8.267880701898296
2022-04-30,13.09421306940081
2022-05-01,7.8214775100439144
2022-05-02,7.270611848088558
2022-05-03,6.699722524849591
2022-05-04,8.641969498113799
2022-05-05,12.322103855202457
2022-05-06,6.264932306875491
2022-05-07,6.611570247933877
2022-05-08,6.035100820082274
2022-05-09,18.392709196354595
2022-05-10,16.09678881441601
2022-05-11,34.62442939939477
2022-05-12,30.364912557000814
2022-05-13,25.696594427244584
2022-05-14,14.377682403433486
2022-05-15,12.001854670974398
2022-05-16,11.00115303838474
2022-05-17,10.106976214862868
2022-05-18,13.762443361836947
2022-05-19,12.145336393151783
2022-05-20,10.0633386902817
2022-05-21,7.2680966852169515
2022-05-22,6.9761154239533205
2022-05-23,10.586832208541546
2022-05-24,9.180065875017332
2022-05-25,6.987508520079574
2022-05-26,12.897550203289798
2022-05-27,8.767123287671238
2022-05-28,5.927835051546382
2022-05-29,6.537007023230683
2022-05-30,9.930313588850169
2022-05-31,8.252949227660826
2022-06-01,12.140575079872196
2022-06-02,6.57796396821651
2022-06-03,7.407407407407414
2022-06-04,5.000000000000004
2022-06-05,5.0632911392405155
2022-06-06,7.215228738102557
2022-06-07,8.728616603802335
2022-06-08,6.720544449170558
2022-06-09,5.987488829311874
2022-06-10,9.307066697249006
2022-06-11,12.229512957906644
2022-06-12,11.079516371894702
2022-06-13,16.57937448784017
2022-06-14,13.20239399866362
2022-06-15,16.00877192982455
2022-06-16,13.12741312741313
2022-06-17,6.980110232701943
2022-06-18,14.114238410596025
2022-06-19,12.136877943540478
2022-06-20,8.629354673648347
2022-06-21,8.619343179104712
2022-06-22,6.917743282593807
2022-06-23,8.005934718100889
2022-06-24,7.712486883525697
2022-06-25,7.881773399014783
2022-06-26,9.0197698872589
2022-06-27,7.836938279401962
2022-06-28,8.522176200093561
2022-06-29,7.142857142857134
2022-06-30,9.753332227199815
2022-07-01,7.7018071070098815
2022-07-02,5.7521121142898615
2022-07-03,5.118810958155256
2022-07-04,6.689479948727342
2022-07-05,6.943543153796237
2022-07-06,5.891472868217072
2022-07-07,6.994818652849748
2022-07-08,6.995884773662546
2022-07-09,4.69416785206259
2022-07-10,6.324786324786327
2022-07-11,7.89265982636148
2022-07-12,6.077348066298337
2022-07-13,9.160305343511459
2022-07-14,7.801397515527955
2022-07-15,6.4448441247002455
2022-07-16,7.8740157480315025
2022-07-17,6.437875751503006
2022-07-18,9.490655917918666
2022-07-19,8.513931888544898
2022-07-20,10.580204778156991
2022-07-21,7.083333333333336
2022-07-22,7.415485278080693
2022-07-23,6.639004149377599
2022-07-24,5.000000000000009
2022-07-25,8.155668358714053
2022-07-26,5.568627450980397
2022-07-27,9.090909090909088
2022-07-28,8.542246982358416
2022-07-29,8.92519567349998
2022-07-30,8.80012487913039
2022-07-31,8.027965303445342
2022-08-01,7.477497693669443
2022-08-02,8.10433338366299
2022-08-03,7.188475161293563
2022-08-04,5.8571444692712245
2022-08-05,5.485184738186002
2022-08-06,4.28364088741446
2022-08-07,4.662044862716436
2022-08-08,5.337713985030425
2022-08-09,7.82471286330299
2022-08-10,7.97254979569505
2022-08-11,5.46546743697479
2022-08-12,4.900838981427189
2022-08-13,4.469103117135929
2022-08-14,6.504768263543582
2022-08-15,6.555311854328085
2022-08-16,4.2749604635739695
2022-08-17,8.227236099919427
2022-08-18,7.287978862434067
2022-08-19,10.648148148148149
2022-08-20,7.639939485627835
2022-08-21,5.178857447944473
2022-08-22,6.24236902808198
2022-08-23,5.521472392638042
2022-08-24,5.417607223476292
2022-08-25,4.631344942571323
2022-08-26,10.085470085470085
2022-08-27,4.761904761904765
2022-08-28,5.609660137284454
2022-08-29,7.323756473940816
2022-08-30,6.855332476963028
2022-08-31,4.675158275550201
2022-09-01,4.851829416854695
2022-09-02,4.696074684086783
2022-09-03,3.000419017069884
2022-09-04,3.5033092112440443
2022-09-05,4.548477237115067
2022-09-06,9.203561317989184
2022-09-07,7.145397276976237
2022-09-08,5.413087732401889
2022-09-09,7.445213379469435
2022-09-10,4.917633725477678
2022-09-11,5.531794005519771
2022-09-12,6.5770465489566625
2022-09-13,9.666092090581952
2022-09-14,5.095460579400813
2022-09-15,6.597938144329891
2022-09-16,4.798761609907133
2022-09-17,4.174242424242424
2022-09-18,9.917131695525894
2022-09-19,6.532663316582918
2022-09-20,5.423741259136256
2022-09-21,8.770414156341182
2022-09-22,6.102434451939828
2022-09-23,6.14470033733724
2022-09-24,4.230721443165928
2022-09-25,4.544138929088276
2022-09-26,4.563380281690136
2022-09-27,6.142464595223
2022-09-28,5.337831324309731
2022-09-29,4.062751602592548
2022-09-30,4.233456637895593
2022-10-01,2.897574123989213
2022-10-02,4.495491316071787
2022-10-03,4.366197183098581
2022-10-04,3.805496828752635
2022-10-05,3.7153652392947123
2022-10-06,3.74707259953162
2022-10-07,3.4372135655362084
2022-10-08,3.0848329048843217
2022-10-09,2.513893111391396
2022-10-10,5.07591442374051
2022-10-11,4.084574723690537
2022-10-12,3.157764345339065
2022-10-13,9.66270914030666
2022-10-14,5.901461829994582
2022-10-15,3.8809278284347526
2022-10-16,4.7830144974929185
2022-10-17,4.338315712723296
2022-10-18,5.192761605035401
2022-10-19,5.461165048543689
2022-10-20,4.786545924967663
2022-10-21,5.2854938271604945
2022-10-22,3.41614906832298
2022-10-23,4.505169867060557
2022-10-24,3.9625457999728595
2022-10-25,6.435186171901586
2022-10-26,4.272974023793601
2022-10-27,5.35822270491347
2022-10-28,4.985893553950197
2022-10-29,5.05915131315721
2022-10-30,6.167727281738726
2022-10-31,5.269601306753776
2022-11-01,3.9772727272727253
2022-11-02,5.860683188211654
2022-11-03,6.535947712418304
2022-11-04,7.560849300880365
2022-11-05,6.1445569170662395
2022-11-06,7.529843893480262
2022-11-07,6.044696543348835
2022-11-08,22.173854396410555
2022-11-09,22.230442381726164
2022-11-10,19.508196721311474
2022-11-11,11.17234468937875
2022-11-12,7.7858880778588855
2022-11-13,8.897959183673464
2022-11-14,9.710144927536229
2022-11-15,6.521739130434778
2022-11-16,6.286080821039132
2022-11-17,4.821366631980584
2022-11-18,4.641350210970469
2022-11-19,4.665825977301385
2022-11-20,9.652836579170202
2022-11-21,7.605101558809642
2022-11-22,7.579462102689491
2022-11-23,7.03296703296704
2022-11-24,5.566801619433192
2022-11-25,4.906937394247044
2022-11-26,6.36864666258421
2022-11-27,5.154639175257726
2022-11-28,6.501340482573732
2022-11-29,5.429747812660836
2022-11-30,6.128702757916238
2022-12-01,5.160567193305711
2022-12-02,5.33355148342059
2022-12-03,5.46712164196386
2022-12-04,4.455909978971878
2022-12-05,5.431829797555414
2022-12-06,4.4444444444444375
2022-12-07,6.47090831089154
2022-12-08,5.072923313664782
2022-12-09,4.369799433746143
2022-12-10,4.396796865418151
2022-12-11,4.1326268341948085
2022-12-12,4.843810214675946
2022-12-13,6.936896135265705
2022-12-14,4.768084543745163
2022-12-15,4.139786142844877
2022-12-16,12.23942230201542
2022-12-17,6.496966575091575
2022-12-18,4.151582768543419
2022-12-19,7.6499408325827005
2022-12-20,5.730705376868929
2022-12-21,3.742695178270484
2022-12-22,4.126482221085144
2022-12-23,2.6666666666666687
2022-12-24,2.483370776617776
2022-12-25,3.2295314013260823
2022-12-26,2.8994358817264354
2022-12-27,3.8790476779256107
2022-12-28,5.2315983369753685
2022-12-29,4.491506671379589
2022-12-30,3.818201049010204
2022-12-31,2.962219150269172
2023-01-01,2.7307991176618023
2023-01-02,4.1601481194976735
2023-01-03,3.225806451612904
2023-01-04,4.055384648137707
2023-01-05,3.546501003229731
2023-01-06,4.183117791126628
2023-01-07,2.9062728757249836
2023-01-08,4.589371980676317
2023-01-09,5.833333333333331
2023-01-10,4.8799999999999955
2023-01-11,5.483490566037753
2023-01-12,6.122448979591842
2023-01-13,6.080982312527404
2023-01-14,10.050983248361236
2023-01-15,6.48679678530425
2023-01-16,7.377049180327858
2023-01-17,5.1724137931034395
2023-01-18,10.761154855643053
2023-01-19,4.974907265982978
2023-01-20,8.215297450424925
2023-01-21,6.137479541734871
2023-01-22,6.905812392096683
2023-01-23,6.013033175355454
2023-01-24,10.053619302949052
2023-01-25,8.173515981735159
2023-01-26,5.44904137235117
2023-01-27,6.853582554517137
2023-01-28,5.655681667022414
2023-01-29,5.2804747913443215
2023-01-30,9.702343542952331
2023-01-31,4.837490551776279
2023-02-01,8.250108554059917
2023-02-02,6.622603519215625
2023-02-03,5.633802816901414
2023-02-04,4.720616570327558
2023-02-05,8.333333333333341
2023-02-06,5.555555555555553
2023-02-07,7.366071428571429
2023-02-08,8.025909851495504
2023-02-09,13.366937161770455
2023-02-10,5.215925363560771
2023-02-11,4.270986745213548
2023-02-12,5.891719745222927
2023-02-13,8.127721335268498
2023-02-14,6.0576923076923075
2023-02-15,7.913513513513519
2023-02-16,9.321058688147302
2023-02-17,7.237844591209486
2023-02-18,4.641013352442494
2023-02-19,6.83012691208082
2023-02-20,9.123120861186962
2023-02-21,8.723986703819039
2023-02-22,7.399824510090673
2023-02-23,5.829171689340449
2023-02-24,8.353812973011992
2023-02-25,6.693995336759556
2023-02-26,4.384513470607466
2023-02-27,5.004522509956439
2023-02-28,5.4058327625715545
2023-03-01,5.427447989838534
2023-03-02,5.537898101247482
2023-03-03,9.177668204230965
2023-03-04,6.608315098468272
2023-03-05,4.084720121028748
2023-03-06,4.347826086956526
2023-03-07,6.262147102398315
2023-03-08,7.844773969688039
2023-03-09,10.333683285642085
2023-03-10,8.146620418111931
2023-03-11,8.647334099809584
2023-03-12,9.258084971464797
2023-03-13,9.090909090909086
2023-03-14,9.497206703910624
2023-03-15,11.033519553072631
2023-03-16,5.322128851540613
2023-03-17,7.883723019221727
2023-03-18,6.887178094942602
2023-03-19,5.742100525842064
2023-03-20,7.904081463312967
2023-03-21,6.913232075820229
2023-03-22,8.351086493395824
2023-03-23,5.904059040590397
2023-03-24,6.013530821040575
2023-03-25,4.288820598453415
2023-03-26,3.5364379646116575
2023-03-27,7.22405742146492
2023-03-28,4.774713530598696
2023-03-29,5.086085132753196
2023-03-30,5.648450244698211
2023-03-31,4.802211089998262
2023-04-01,3.4865293185419866
2023-04-02,5.092186128182609
2023-04-03,5.353319057815831
2023-04-04,4.0114613180515795
2023-04-05,4.532036811946518
2023-04-06,3.818876159301695
2023-04-07,3.653444676409189
2023-04-08,3.6484245439469354
2023-04-09,4.04624277456647
2023-04-10,4.605415413098809
2023-04-11,3.84047267355981
2023-04-12,4.985459077690069
2023-04-13,4.485363550519355
2023-04-14,5.1587301587301635
2023-04-15,3.430079155672821
2023-04-16,4.685999615901666
2023-04-17,4.7974148645289505
2023-04-18,4.836759371221286
2023-04-19,9.715726339015184
2023-04-20,6.017239617066407
2023-04-21,7.153686593348067
2023-04-22,3.9637359381581057
2023-04-23,4.8533947248454306
2023-04-24,4.349756737972041
2023-04-25,4.897019776146375
2023-04-26,8.843775573813593
2023-04-27,4.102519190149919
2023-04-28,3.458121827411167
2023-04-29,2.8436018957346096
2023-04-30,3.8896276595744723
2023-05-01,4.652880354505159
2023-05-02,3.2902467685076515
2023-05-03,4.916201117318431
2023-05-04,3.1592689295039085
2023-05-05,3.880600623345485
2023-05-06,6.063158969645912
2023-05-07,2.9149208473397135
2023-05-08,9.726232670561364
2023-05-09,3.2740363541361432
2023-05-10,6.287405488962059
2023-05-11,6.161779129102593
2023-05-12,5.970149253731334
2023-05-13,2.7429467084639523
2023-05-14,3.0003297065611596
2023-05-15,3.758829465186687
2023-05-16,3.3475349969567767
2023-05-17,4.482758620689656
2023-05-18,4.194857916102846
2023-05-19,2.5155916467777306
2023-05-20,2.1739130434782563
2023-05-21,3.6094837471757666
2023-05-22,3.2435194597066905
2023-05-23,3.131486752967142
2023-05-24,5.194612451958852
2023-05-25,3.8157284501180158
2023-05-26,3.0272482893450605
2023-05-27,2.3248199083169596
2023-05-28,4.04040404040403
2023-05-29,3.1358885017421594
2023-05-30,2.810590631364567
2023-05-31,4.4636630802948805
2023-06-01,3.3339508459923493
2023-06-02,3.63380221731254
2023-06-03,2.854324741186894
2023-06-04,2.7556051955571936
2023-06-05,10.87086385122851
2023-06-06,6.061768878346007
2023-06-07,6.684096056083742
2023-06-08,3.9868110918197086
2023-06-09,3.9507034211182237
2023-06-10,19.929399620269507
2023-06-11,4.133044836337604
2023-06-12,4.968944461752622
2023-06-13,4.664260908367765
2023-06-14,7.217348927875248
2023-06-15,4.8165987402741886
2023-06-16,4.610951008645532
2023-06-17,3.7586547972304674
2023-06-18,3.576115485564304
2023-06-19,3.455925277291295
2023-06-20,5.555555555555555
2023-06-21,5.844295369435041
2023-06-22,6.0955145483447275
2023-06-23,6.106473479694534
2023-06-24,5.693307268860471
2023-06-25,4.954255921393818
2023-06-26,5.5639856806749926
2023-06-27,3.6495921440945724
2023-06-28,7.487922705314019
2023-06-29,3.972868217054258
2023-06-30,8.524590163934429
2023-07-01,4.367934224049332
2023-07-02,4.056437389770708
2023-07-03,4.545783592402965
2023-07-04,4.711431742508328
2023-07-05,6.344410876132935
2023-07-06,6.752512045114518
2023-07-07,3.561603458439761
2023-07-08,3.5714285714285747
2023-07-09,3.010471204188475
2023-07-10,4.992199687987519
2023-07-11,3.407155025553662
2023-07-12,3.7623762376237595
2023-07-13,7.529055078322383
2023-07-14,7.999999999999997
2023-07-15,3.925233644859813
2023-07-16,4.3605870020964455
2023-07-17,4.745762711864411
2023-07-18,4.824976348155158
2023-07-19,3.1043447575339447
2023-07-20,4.103802051901026
2023-07-21,2.861685503947821
2023-07-22,3.5363669994185374
2023-07-23,3.485512025753365
2023-07-24,6.681524324628115
2023-07-25,3.2725889027258876
2023-07-26,3.633360858794378
2023-07-27,3.361344537815114
2023-07-28,2.736445993543783
2023-07-29,2.385945228316554
2023-07-30,4.7603310506780945
2023-07-31,3.5675656984785657
2023-08-01,4.563172467093475
2023-08-02,3.9068479610715485
2023-08-03,2.965589397814468
2023-08-04,2.907133454250145
2023-08-05,2.6391952352638377
2023-08-06,3.0414130942553443
2023-08-07,4.57116204690831
2023-08-08,3.6667582012420783
2023-08-09,2.8184290122513733
2023-08-10,2.4803642105694887
2023-08-11,2.248093497585849
2023-08-12,1.9925771964975552
2023-08-13,2.6207857008962003
2023-08-14,2.986066344700779
2023-08-15,8.613984452924818
2023-08-16,7.501857355126301
2023-08-17,15.428795841685648
2023-08-18,5.050504515692508
2023-08-19,3.316326530612251
2023-08-20,2.7070063694267543
2023-08-21,4.765056254136338
2023-08-22,5.319092577526343
2023-08-23,4.109589041095904
2023-08-24,3.9056143205858413
2023-08-25,3.645592985694511
2023-08-26,2.457002457002459
2023-08-27,2.3550724637681144
2023-08-28,3.7156704361873913
2023-08-29,7.010309278350513
2023-08-30,3.478260869565202
2023-08-31,5.948302709436308
2023-09-01,3.9313682862212187
2023-09-02,3.0922431865828064
2023-09-03,2.8795811518324594
2023-09-04,3.6669213139801413
2023-09-05,3.7302725968436032
2023-09-06,3.7701974865350047
2023-09-07,3.211009174311931
2023-09-08,3.568775206962422
2023-09-09,2.5097706807807683
2023-09-10,5.702141155357526
2023-09-11,5.922641518282136
2023-09-12,4.754032258064516
2023-09-13,3.639977117607608
2023-09-14,3.302891552891559
2023-09-15,3.8131865446414297
2023-09-16,3.277109194857702
2023-09-17,4.729397685566129
2023-09-18,4.5623956142203195
2023-09-19,3.1802471320919805
2023-09-20,3.3023195430154066
2023-09-21,4.595346169664449
2023-09-22,2.8749407654753623
2023-09-23,2.9050613956274294
2023-09-24,3.0015797788309664
2023-09-25,3.292181069958839
2023-09-26,2.9411764705882355
2023-09-27,3.1773293258909527
2023-09-28,3.337874659400536
2023-09-29,3.003003003002992
2023-09-30,2.781954887218031
2023-10-01,4.347826086956517
2023-10-02,5.772495755517819
2023-10-03,3.9518072289156727
2023-10-04,4.276315789473685
2023-10-05,3.1110208401364368
2023-10-06,3.0057382524612057
2023-10-07,2.453531598513014
2023-10-08,2.6429341963322592
2023-10-09,6.420927467300835
2023-10-10,3.2607743134058946
2023-10-11,3.570012461765035
2023-10-12,3.1963470319634686
2023-10-13,2.9493589743589697
2023-10-14,2.1801370229620556
2023-10-15,2.8507194244604284
2023-10-16,5.322303120468259
2023-10-17,4.976854877758015
2023-10-18,3.6294016910668603
2023-10-19,3.683426211791406
2023-10-20,4.315999016992593
2023-10-21,4.286671131949099
2023-10-22,3.974630021141655
2023-10-23,7.680011951000896
2023-10-24,7.322702475870751
2023-10-25,5.241300300730341
2023-10-26,7.119821384271893
2023-10-27,4.6525442892167534
2023-10-28,3.81137474019489
2023-10-29,4.480240488240836
2023-10-30,4.5720455628266325
2023-10-31,7.496463932107497
2023-11-01,6.9944044764188655
2023-11-02,6.719924812030066
2023-11-03,5.263157894736846
2023-11-04,4.168516201928899
2023-11-05,5.350454788657029
2023-11-06,6.221503162229746
2023-11-07,6.574756956084478
2023-11-08,4.7410600255427955
2023-11-09,15.147790046176176
2023-11-10,7.110307314371591
2023-11-11,6.987951807228912
2023-11-12,7.160759040458288
2023-11-13,8.578236695790322
2023-11-14,8.303980691899902
2023-11-15,6.867884692081894
2023-11-16,8.088108056760092
2023-11-17,8.110283859881932
2023-11-18,6.607001842590159
2023-11-19,4.825090470446333
2023-11-20,5.6474820143884905
2023-11-21,11.229135053110777
2023-11-22,7.482014388489209
2023-11-23,3.964762781034633
2023-11-24,4.3459074915650255
2023-11-25,4.296606360049331
2023-11-26,5.6898483880229325
2023-11-27,6.6263047290439445
2023-11-28,5.3632803476769055
2023-11-29,4.429580347498009
2023-11-30,3.731928723523477
2023-12-01,3.7668517049960277
2023-12-02,3.9661554732945623
2023-12-03,4.427430093209052
2023-12-04,9.090909090909099
2023-12-05,6.882591093117411
2023-12-06,7.279786459597183
2023-12-07,6.8643449501608576
2023-12-08,5.876865671641783
2023-12-09,6.170212765957457
2023-12-10,5.715411903823408
2023-12-11,12.099358974358964
2023-12-12,6.296296296296301
2023-12-13,7.5109170305676916
2023-12-14,6.311718409823751
2023-12-15,6.025824964132
2023-12-16,5.887600356824272
2023-12-17,5.41137493097736
2023-12-18,8.532303755725467
2023-12-19,5.976830288974504
2023-12-20,6.418351521099654
2023-12-21,5.608974358974364
2023-12-22,6.166219839142096
2023-12-23,5.936473165388845
2023-12-24,7.21216041397154
2023-12-25,7.05824284304048
2023-12-26,11.597938144329907
2023-12-27,7.999999999999997
2023-12-28,8.290991849264323
2023-12-29,6.935413957520583
2023-12-30,4.7566637943069505
2023-12-31,6.467917088070936
2024-01-01,6.288769698390299
2024-01-02,6.310096868128598
2024-01-03,20.728917060808683
2024-01-04,6.941350166206944
2024-01-05,8.730158730158731
2024-01-06,7.597322987923261
2024-01-07,8.827719121836761
2024-01-08,11.167320813025484
2024-01-09,9.406457441615034
2024-01-10,11.541767176223159
2024-01-11,7.119741100323619
2024-01-12,9.76842105263158
2024-01-13,6.0454942593800425
2024-01-14,5.4110373177488995
2024-01-15,4.734927234927246
2024-01-16,4.8293597029977375
2024-01-17,4.452203465659285
2024-01-18,7.977883096366507
2024-01-19,7.2999120492524145
2024-01-20,4.347289880989087
2024-01-21,3.8986354775828493
2024-01-22,7.23421262989609
2024-01-23,8.71261378413523
2024-01-24,4.415209733597937
2024-01-25,4.38260869565217
2024-01-26,5.68931145529826
2024-01-27,3.5487288135593245
2024-01-28,4.694019471488168
2024-01-29,4.5521292217327405
2024-01-30,4.3402802559408284
2024-01-31,5.375623567186016
2024-02-01,4.025147769362768
2024-02-02,3.3554701153442723
2024-02-03,2.989593188268692
2024-02-04,3.47877358490567
2024-02-05,4.021180262451085
2024-02-06,3.3421105934778192
2024-02-07,4.5092838196286475
2024-02-08,3.5714285714285623
2024-02-09,4.8515568428674865
2024-02-10,3.9314516129032397
2024-02-11,3.9874551971326144
2024-02-12,5.744262923393853
2024-02-13,5.26832460732985
2024-02-14,5.590961761297796
2024-02-15,5.710370031978069
2024-02-16,6.052963430012617
2024-02-17,5.831853167554768
2024-02-18,5.092530954599921
2024-02-19,5.214481425800637
2024-02-20,8.79598025825921
2024-02-21,7.807779894325836
2024-02-22,6.270326575090904
2024-02-23,5.912150001636138
2024-02-24,6.092748607321775
2024-02-25,4.587864214823179
2024-02-26,7.006998327670735
2024-02-27,6.697068769142691
2024-02-28,14.96213304618743
2024-02-29,9.426098108368059
2024-03-01,6.7085953878406785
2024-03-02,7.975623347269862
2024-03-03,12.56331865281281
2024-03-04,9.891564264565254
2024-03-05,21.583882349849375
2024-03-06,11.174888244572582
2024-03-07,7.848490550323724
2024-03-08,9.38487706690622
2024-03-09,7.093516816734473
2024-03-10,8.43052512925302
2024-03-11,10.57180257602187
2024-03-12,10.679706601467004
2024-03-13,8.065526823352233
2024-03-14,10.232983097304693
2024-03-15,13.947934081681396
2024-03-16,13.073737480282489
2024-03-17,9.827398345797635
2024-03-18,9.689629068887202
2024-03-19,13.133072123059064
2024-03-20,13.337846987136079
2024-03-21,7.17440454282559
2024-03-22,8.314319294790645
2024-03-23,5.4690236850548635
2024-03-24,5.5572724942513485
2024-03-25,6.812632713460504
2024-03-26,6.5497934492116165
2024-03-27,7.521536696453747
2024-03-28,5.7651245551601455
2024-03-29,6.009683850754753
2024-03-30,4.989554877068941
2024-03-31,4.172141918528262
2024-04-01,9.401273885350319
2024-04-02,9.274536450343493
2024-04-03,7.693879872720263
2024-04-04,7.464266807834834
2024-04-05,6.542746902103274
2024-04-06,3.9478975855613445
2024-04-07,4.288740189591602
2024-04-08,6.676616915422887
2024-04-09,7.045735475896163
2024-04-10,7.226673605983956
2024-04-11,5.392491467576786
2024-04-12,24.497202479963708
2024-04-13,26.05156037991858
2024-04-14,13.429280900015202
2024-04-15,12.28412256267409
2024-04-16,7.896090534979424
2024-04-17,8.026907982333778
2024-04-18,7.116573313756412
2024-04-19,11.056105610561048
2024-04-20,9.716082129875234
2024-04-21,5.259888175605722
2024-04-22,5.13796384395814
2024-04-23,4.9808429118773985
2024-04-24,8.951067282246758
2024-04-25,5.895012414984352
2024-04-26,4.856938991804472
2024-04-27,6.248331553657238
2024-04-28,4.901988142986953
2024-04-29,5.489934944950735
2024-04-30,10.422077922077925
2024-05-01,8.969210174029445
2024-05-02,6.060606060606051
2024-05-03,6.5328778821520075
2024-05-04,3.4390352836087454
2024-05-05,4.845196894584216
2024-05-06,6.250000000000005
2024-05-07,5.000000000000005
2024-05-08,5.162997641418686
2024-05-09,5.6277124734243476
2024-05-10,7.028172644562618
2024-05-11,3.6336098246824617
2024-05-12,3.4161755137341174
2024-05-13,6.833558863328825
2024-05-14,5.283400809716602
2024-05-15,8.228372817319546
2024-05-16,5.936959948104335
2024-05-17,5.542725173210156
2024-05-18,3.5267500665424603
2024-05-19,5.687693898655642
2024-05-20,10.277136258660507
2024-05-21,5.704918032786878
2024-05-22,4.886739628404167
2024-05-23,8.862065491785337
2024-05-24,5.7219651146961095
2024-05-25,3.689462894628945
2024-05-26,4.304134870003731
2024-05-27,5.307260262536133
2024-05-28,4.912541096062284
2024-05-29,5.121293800539088
2024-05-30,5.613126079447326
2024-05-31,4.454787234042554
2024-06-01,2.835636424170742
2024-06-02,4.633403161302615
2024-06-03,5.021399377575712
2024-06-04,5.027769468944279
2024-06-05,4.231478654932568
2024-06-06,4.650730204872649
2024-06-07,16.32130496125268
2024-06-08,7.046579104860429
2024-06-09,3.617103793730235
2024-06-10,4.9970447866809184
2024-06-11,7.3712554695388715
2024-06-12,8.74600638977635
2024-06-13,6.1733409553609855
2024-06-14,8.368501612667508
2024-06-15,3.783783783783782
2024-06-16,3.8707613563659655
2024-06-17,11.165048543689318
2024-06-18,13.027694279800546
2024-06-19,5.823913441748097
2024-06-20,6.66525703517401
2024-06-21,5.064015110901874
2024-06-22,3.749999999999992
2024-06-23,6.266138750215186
2024-06-24,9.090909090909092
2024-06-25,4.545454545454549
2024-06-26,5.0955414012738895
2024-06-27,5.636070853462159
2024-06-28,5.401504999484586
2024-06-29,4.6668566560018645
2024-06-30,5.655965281486427
2024-07-01,4.534859781367766
2024-07-02,4.002224694104565
2024-07-03,6.89655172413792
2024-07-04,10.909090909090919
2024-07-05,13.724696356275295
2024-07-06,8.940545373267769
2024-07-07,7.267389191549224
2024-07-08,10.938999520153544
2024-07-09,4.785265427101152
2024-07-10,4.581876701556931
2024-07-11,5.688055612325418
2024-07-12,4.971323957462458
2024-07-13,4.047685056833943
2024-07-14,4.696053010659739
2024-07-15,6.605080831408763
2024-07-16,6.896551724137936
2024-07-17,5.362468048849762
2024-07-18,6.66056166056166
2024-07-19,6.6203538370959585
2024-07-20,3.913491246137999
2024-07-21,6.640625000000003
2024-07-22,6.550802139037434
2024-07-23,6.873194740042559
2024-07-24,5.938594654279612
2024-07-25,6.893266260908806
2024-07-26,5.498281786941583
2024-07-27,4.742386736514883
2024-07-28,4.280097594710685
2024-07-29,5.498663754675818
2024-07-30,5.937750762951216
2024-07-31,5.326241134751772
2024-08-01,8.857666689759602
2024-08-02,8.662160644599798
2024-08-03,8.64362580048855
2024-08-04,9.986149855555617
2024-08-05,19.289340101522836
2024-08-06,7.81720066185319
2024-08-07,8.147780360171497
2024-08-08,12.538123230267392
2024-08-09,4.842171347277712
2024-08-10,4.006970593770745
2024-08-11,8.462040246291252
2024-08-12,7.510668257053433
2024-08-13,5.0904497300984755
2024-08-14,5.151273848543546
2024-08-15,7.1428571428571495
2024-08-16,5.398306594963316
2024-08-17,3.88059701492536
2024-08-18,5.319148936170218
2024-08-19,5.357142857142861
2024-08-20,5.400876514565615
2024-08-21,6.371225141173584
2024-08-22,4.452442068943094
2024-08-23,8.170423671251486
2024-08-24,6.047516198704109
2024-08-25,5.890519635065445
2024-08-26,7.13463751438436
2024-08-27,9.942041908158721
2024-08-28,7.1739130434782625
2024-08-29,5.992555074144127
2024-08-30,6.253537068477652
2024-08-31,4.033656286162362
2024-09-01,5.931001182835598
2024-09-02,6.022327194239504
2024-09-03,6.230540474585329
2024-09-04,8.328623874600378
2024-09-05,4.81248171348602
2024-09-06,8.31717339792215
2024-09-07,4.252454630486017
2024-09-08,4.481299318685922
2024-09-09,5.686996471412645
2024-09-10,3.6542041309768267
2024-09-11,5.225406701784653
2024-09-12,3.939759975456864
2024-09-13,4.85618693660652
2024-09-14,3.47659402304461
2024-09-15,5.787885870251426
2024-09-16,4.613025011798021
2024-09-17,5.491251682368768
2024-09-18,6.51180999608508
2024-09-19,5.752291928815372
2024-09-20,6.30557801131771
2024-09-21,4.89085053083622
2024-09-22,6.292477150222626
2024-09-23,6.128918633321585
2024-09-24,5.448449287510482
2024-09-25,4.974779942636722
2024-09-26,6.572215663124746
2024-09-27,4.8915355168013654
2024-09-28,6.044943820224715
2024-09-29,5.351473922902496
2024-09-30,7.280927835051532
2024-10-01,14.309210526315786
2024-10-02,8.371927324545776
2024-10-03,6.882276843467
2024-10-04,5.79646017699116
2024-10-05,4.616805170821791
2024-10-06,4.370939161252226
2024-10-07,5.237633365664395
2024-10-08,4.999999999999998
2024-10-09,6.102564102564109
2024-10-10,5.219505052059554
2024-10-11,5.602455871066767
2024-10-12,3.72727272727272
2024-10-13,4.976911236531549
2024-10-14,6.644198363023588
2024-10-15,6.828627708470128
2024-10-16,4.918032786885251
2024-10-17,5.626319613268491
2024-10-18,4.266211604095566
2024-10-19,3.7696335078534156
2024-10-20,6.1455004830199895
2024-10-21,6.164071153971466
2024-10-22,4.582652755091831
2024-10-23,6.695176506506504
2024-10-24,4.467887491855777
2024-10-25,12.375423967396404
2024-10-26,4.979759493439195
2024-10-27,3.93681142062899
2024-10-28,6.092970340505374
2024-10-29,5.575610298145309
2024-10-30,4.433914217231337
2024-10-31,6.367641169403283
2024-11-01,5.610972568578559
2024-11-02,4.761904761904766
2024-11-03,7.733537519142421
2024-11-04,6.593406593406597
2024-11-05,6.005830903790105
2024-11-06,10.693598693004622
2024-11-07,5.923255215039923
2024-11-08,5.782227784730902
2024-11-09,7.304601899196495
2024-11-10,10.513326752221118
2024-11-11,10.034207525655654
2024-11-12,13.128674069235805
2024-11-13,11.313033238480063
2024-11-14,9.721339827756605
2024-11-15,8.500830252442722
2024-11-16,9.139544828156618
2024-11-17,9.580696202531644
2024-11-18,8.992579389789764
2024-11-19,7.880794701986754
2024-11-20,8.823529411764708
2024-11-21,11.100912819505757
2024-11-22,7.60386725894957
2024-11-23,11.11111111111111
2024-11-24,13.48833828324576
2024-11-25,10.328752027916376
2024-11-26,11.283775932253858
2024-11-27,9.164930884302205
2024-11-28,6.829108145909505
2024-11-29,6.313070718028408
2024-11-30,7.626582869481467
2024-12-01,6.84509087864708
2024-12-02,12.06315377830959
2024-12-03,13.737235641716765
2024-12-04,10.362318840579707
2024-12-05,10.747303543913716
2024-12-06,8.901682905225849
2024-12-07,5.810810810810821
2024-12-08,5.8441043533423125
2024-12-09,27.7159269856458
2024-12-10,13.958021978021979
2024-12-11,12.933866534747143
2024-12-12,7.993855734096556
2024-12-13,5.968819599109134
2024-12-14,8.607087892515935
2024-12-15,6.869250084278995
2024-12-16,8.590400894819311
2024-12-17,7.848132225483314
2024-12-18,11.666666666666679
2024-12-19,13.960546282245817
2024-12-20,17.579771222155312
2024-12-21,12.674322954142678
2024-12-22,7.097628071192188
2024-12-23,11.068808906781072
2024-12-24,7.262698964335282
2024-12-25,5.27394950936131
2024-12-26,8.750944604657867
2024-12-27,7.025465076287913
2024-12-28,6.321709786276719
2024-12-29,6.138706654170574
2024-12-30,7.501609787508046
2024-12-31,5.9727971614429425
2025-01-01,6.506666666666661
2025-01-02,5.259047123145027
2025-01-03,8.02171290711701
2025-01-04,4.311310190369547
2025-01-05,4.099746407438725
2025-01-06,5.660377358490563
2025-01-07,11.096256684491973
2025-01-08,9.836135546919467
2025-01-09,7.158573889351748
2025-01-10,5.645789457256694
2025-01-11,4.25909494232476
2025-01-12,4.255319148936175
2025-01-13,12.670920692798532
2025-01-14,5.253025302530255
2025-01-15,8.968718808815046
2025-01-16,5.639396346306599
2025-01-17,6.998464687819854
2025-01-18,10.6317641095972
2025-01-19,14.114968696642
2025-01-20,12.815715622076718
2025-01-21,9.441233140655116
2025-01-22,5.130513051305117
2025-01-23,5.934492855079222
2025-01-24,6.708651500388976
2025-01-25,4.545822241178974
2025-01-26,5.938734090510062
2025-01-27,10.275599009082214
2025-01-28,8.963359514852996
2025-01-29,7.317073170731701
2025-01-30,7.1715446911702045
2025-01-31,6.870990983401914
2025-02-01,10.95298644348987
2025-02-02,18.869371785516964
2025-02-03,28.085570431745506
2025-02-04,11.668377823408623
2025-02-05,6.764644895199843
2025-02-06,9.067850348763484
2025-02-07,9.860347016504452
2025-02-08,7.36707238949392
2025-02-09,8.703819661866
2025-02-10,7.957244655581948
2025-02-11,8.367514356029538
2025-02-12,10.718243283943401
2025-02-13,6.803103586106925
2025-02-14,6.343113477634539
2025-02-15,5.636743215031309
2025-02-16,5.139920045688168
2025-02-17,7.332326935518661
2025-02-18,9.116565471968748
2025-02-19,4.853821034868176
2025-02-20,5.1094890510948945
2025-02-21,9.381789452893551
2025-02-22,5.9405632315969505
2025-02-23,4.928521581988136
2025-02-24,13.773490710694299
2025-02-25,10.871120233874484
2025-02-26,7.762347430434463
2025-02-27,6.236668667924397
2025-02-28,9.877472055030093
2025-03-01,6.0535506402794
2025-03-02,11.774556635370345
2025-03-03,16.039685820587028
2025-03-04,10.901217358981512
2025-03-05,6.341463414634142
2025-03-06,6.649945958895335
2025-03-07,8.117177604968202
2025-03-08,5.030343153481182
2025-03-09,11.49971815107103
2025-03-10,13.147334426430476
2025-03-11,13.260136344593818
2025-03-12,7.770733863778174
2025-03-13,6.488916937490261
2025-03-14,5.847823616972796
2025-03-15,4.715447154471541
2025-03-16,6.502057613168724
2025-03-17,6.425702811244979
2025-03-18,5.929139551699197
2025-03-19,6.520930880901569
2025-03-20,5.449936628643851
2025-03-21,5.097706032285471
2025-03-22,4.599211563731933
2025-03-23,4.444444444444443
2025-03-24,6.364055468103575
2025-03-25,4.559748427672952
2025-03-26,5.945945945945947
2025-03-27,4.841997961264006
2025-03-28,9.251101321585908
2025-03-29,7.863915225878426
2025-03-30,4.8413344182262
2025-03-31,5.378003085739471
2025-04-01,5.970149253731337
2025-04-02,10.54545454545455
2025-04-03,8.019505759852995
2025-04-04,5.993856600113171
2025-04-05,4.162979351032451
2025-04-06,13.492366249185242
2025-04-07,14.85598358969039
2025-04-08,8.91868575624082
2025-04-09,16.01074528675936
2025-04-10,7.027027027027033
2025-04-11,5.907172995780596
2025-04-12,6.7811348563006675
2025-04-13,7.906852767277319
2025-04-14,6.046141607000781
2025-04-15,5.63145618127292
2025-04-16,5.747126436781599
2025-04-17,4.834605597964367
2025-04-18,5.115303983228507
2025-04-19,5.108754980623329
2025-04-20,5.531416561025839
2025-04-21,5.807792388368029
2025-04-22,9.670947030497597
2025-04-23,6.060606060606051
2025-04-24,7.25296089436036
2025-04-25,6.009406935007627
2025-04-26,5.720082442354759
2025-04-27,6.824409298923303
2025-04-28,7.447973713033964
2025-04-29,6.155398587285569
2025-04-30,6.307754118119728
2025-05-01,5.026929982046667
2025-05-02,4.716397361138321
2025-05-03,7.282904682815704
2025-05-04,4.904487647242778
2025-05-05,5.123009746594441
2025-05-06,7.459999251156029
2025-05-07,4.923430466177227
2025-05-08,12.903225806451623
2025-05-09,9.151193633952248
2025-05-10,9.681820182194256
2025-05-11,7.858413238478196
2025-05-12,10.663023468149042
2025-05-13,10.342056932966031
2025-05-14,7.692307692307697
2025-05-15,10.210860774119004
2025-05-16,6.26029654036244
2025-05-17,5.296408481176984
2025-05-18,8.753926701570682
2025-05-19,8.147666287201162
2025-05-20,5.627705627705624
2025-05-21,6.060606060606059
2025-05-22,6.533212010919017
2025-05-23,11.243543901470012
2025-05-24,4.045341685006486
2025-05-25,5.997021593447502
2025-05-26,4.701492537313441
2025-05-27,6.627393225331375
2025-05-28,5.944618736119033
2025-05-29,7.023979547674693
2025-05-30,12.38966113247967
2025-05-31,7.2611555361360605
2025-06-01,4.950527738441787
2025-06-02,5.385372129100609
2025-06-03,4.3435340572556775
2025-06-04,6.13562970936492
2025-06-05,9.881697981906745
2025-06-06,6.2058526740666
2025-06-07,4.57479551855148
2025-06-08,3.489021683406299
2025-06-09,7.31776698703956
2025-06-10,5.752432454637212
2025-06-11,6.767955801104975
2025-06-12,7.53808229204036
2025-06-13,7.694402167083234
2025-06-14,4.580841126642651
2025-06-15,3.78343482281507
2025-06-16,6.377084929569165
2025-06-17,7.146540293669892
2025-06-18,5.984128416626073
2025-06-19,4.155000912692595
2025-06-20,7.509519466041208
2025-06-21,9.070796460176995
2025-06-22,9.630681818181818
2025-06-23,11.169083596822006
2025-06-24,4.450520718463193
2025-06-25,5.325112107623315
2025-06-26,6.319666840445873
2025-06-27,4.248861911987864
2025-06-28,4.210220673635309
2025-06-29,6.010069225928258
2025-06-30,5.837563451776641
2025-07-01,5.833333333333335
2025-07-02,9.49074074074075
2025-07-03,4.545454545454549
2025-07-04,6.9397042093287915
2025-07-05,3.618502992354646
2025-07-06,4.4853881497854164
2025-07-07,3.863651266553585
2025-07-08,4.360943552214586
2025-07-09,6.354916067146283
2025-07-10,8.581473819023698
2025-07-11,8.531297128608795
2025-07-12,7.064670107915662
2025-07-13,5.488328137457862
2025-07-14,7.375321612349912
2025-07-15,7.716836734693884
2025-07-16,6.351183063511822
2025-07-17,6.404504817244296
2025-07-18,9.37996820349762
2025-07-19,5.55555555555556
2025-07-20,6.945975744211687
2025-07-21,6.670061099796334
2025-07-22,7.235327309721868
2025-07-23,12.72174718348484
2025-07-24,9.273798366008872
2025-07-25,6.71660758600585
2025-07-26,3.1971392779899834
2025-07-27,5.024226072138598
2025-07-28,9.561723709253332
2025-07-29,7.142857142857141
2025-07-30,7.29213993639256
2025-07-31,8.056872037914694
2025-08-01,6.8273092369477855
2025-08-02,5.983772819472608
2025-08-03,5.133470225872695
2025-08-04,4.9180327868852505
2025-08-05,6.755050505050515
2025-08-06,5.059101654846324
2025-08-07,6.1538461538461595
2025-08-08,4.788619515127236
2025-08-09,5.685618729096995
2025-08-10,6.268041237113398
2025-08-11,8.883248730964475
2025-08-12,8.635312953321588
2025-08-13,5.444646098003627
2025-08-14,11.982968369829681
2025-08-15,6.582900846763186
2025-08-16,3.7652542442995705
2025-08-17,4.1994165079974515
2025-08-18,5.660377358490566
2025-08-19,6.493912155576526
2025-08-20,6.307358760629796
2025-08-21,4.76715015313019
2025-08-22,11.933257794488007
2025-08-23,4.430379746835443
2025-08-24,6.449993725687034
2025-08-25,10.858085808580858
2025-08-26,5.912885399954938
2025-08-27,3.602686749440262
2025-08-28,4.672268907563027
2025-08-29,7.1900382321213225
2025-08-30,3.917197452229292
2025-08-31,4.154682007031009
2025-09-01,7.186086542511301
2025-09-02,4.248998223957488
2025-09-03,3.3873175623092235
2025-09-04,5.077370981893592
2025-09-05,4.321356275303636
2025-09-06,2.761822519763546
2025-09-07,2.8586703326077876
2025-09-08,4.353233830845774
2025-09-09,5.089058524173023
2025-09-10,4.25658154088747
2025-09-11,3.9972590223846542
2025-09-12,4.212164922235729
2025-09-13,4.255112774175748
2025-09-14,5.558386308859447
2025-09-15,7.1771761935382585
2025-09-16,4.126243461466633
2025-09-17,6.087632054706489
2025-09-18,3.663003663003665
2025-09-19,6.390134529147981
2025-09-20,3.4283353985956255
2025-09-21,3.7372213842802053
2025-09-22,11.964861076240695
2025-09-23,4.545454545454547
2025-09-24,5.2348086647672485
2025-09-25,8.117764756324133
2025-09-26,5.399408505082857
2025-09-27,2.858527131782947
2025-09-28,4.8034934497816515
2025-09-29,4.608932274674022
2025-09-30,4.90196078431373
2025-10-01,6.746370623398808
2025-10-02,5.1607788998575295
2025-10-03,4.962827221096016
2025-10-04,4.997562164797664
2025-10-05,5.208333333333337
2025-10-06,5.602706938913836
2025-10-07,7.167487205433073
2025-10-08,5.172547904262527
2025-10-09,6.192621530758447
2025-10-10,73.24965132496514
2025-10-11,13.8535018848812
2025-10-12,14.490061804164771
2025-10-13,9.03732809430256
2025-10-14,10.784313725490197
2025-10-15,8.377659574468083
2025-10-16,8.473154362416107
2025-10-17,9.700528538617
2025-10-18,3.8628684837041556
2025-10-19,5.81422294299515
2025-10-20,5.931030178552179
2025-10-21,8.196721311475411
2025-10-22,7.286432160804027
2025-10-23,4.938271604938267
2025-10-24,4.39814814814815
2025-10-25,3.1479217603912075
2025-10-26,5.4211585082787535
2025-10-27,5.93483320403412
2025-10-28,7.098090657338567
2025-10-29,5.856107083100938
2025-10-30,11.26126126126126
2025-10-31,4.498480243161098
2025-11-01,4.757378236465687
2025-11-02,5.3696804116273995
2025-11-03,15.14953666578509
2025-11-04,12.125970399309232
2025-11-05,9.736170494846043
2025-11-06,6.749432745439628
2025-11-07,15.351971695863616
2025-11-08,7.425560421540986
2025-11-09,7.089964775152341
2025-11-10,5.930844438908952
2025-11-11,9.058032604974564
2025-11-12,8.27288878045356
2025-11-13,10.181204171291883
2025-11-14,7.348786972416079
2025-11-15,4.553737578862917
2025-11-16,7.622634802581212
2025-11-17,7.8210713491887045
2025-11-18,6.536856745479833
2025-11-19,8.335087350031577
2025-11-20,9.677419354838706
2025-11-21,13.373253493013973
2025-11-22,5.69744597249509
2025-11-23,4.357298474945537
2025-11-24,7.039187227866483
2025-11-25,4.992199687987519
2025-11-26,5.484949832775921
2025-11-27,4.303278688524584
2025-11-28,5.000000000000012
2025-11-29,4.195110580055151
2025-11-30,3.9740968452962306
2025-12-01,9.433962264150946
2025-12-02,9.232836582447735
2025-12-03,5.555555555555564
2025-12-04,5.677267373380453
2025-12-05,7.433102081268575
2025-12-06,4.382719023528461
2025-12-07,6.278432920001485
2025-12-08,0.21700162613876983
